-- --------------------------------------------------------
-- Host:                         127.0.0.1
-- Versión del servidor:         5.7.36 - MySQL Community Server (GPL)
-- SO del servidor:              Win64
-- HeidiSQL Versión:             11.3.0.6295
-- --------------------------------------------------------

/*!40101 SET @OLD_CHARACTER_SET_CLIENT=@@CHARACTER_SET_CLIENT */;
/*!40101 SET NAMES utf8 */;
/*!50503 SET NAMES utf8mb4 */;
/*!40014 SET @OLD_FOREIGN_KEY_CHECKS=@@FOREIGN_KEY_CHECKS, FOREIGN_KEY_CHECKS=0 */;
/*!40101 SET @OLD_SQL_MODE=@@SQL_MODE, SQL_MODE='NO_AUTO_VALUE_ON_ZERO' */;
/*!40111 SET @OLD_SQL_NOTES=@@SQL_NOTES, SQL_NOTES=0 */;


-- Volcando estructura de base de datos para noabs
DROP DATABASE IF EXISTS `noabs`;
CREATE DATABASE IF NOT EXISTS `noabs` /*!40100 DEFAULT CHARACTER SET utf8mb4 COLLATE utf8mb4_unicode_ci */;
USE `noabs`;

-- Volcando estructura para tabla noabs.admins
DROP TABLE IF EXISTS `admins`;
CREATE TABLE IF NOT EXISTS `admins` (
  `id` int(10) unsigned NOT NULL AUTO_INCREMENT,
  `user_id` int(10) unsigned NOT NULL,
  `created_at` timestamp NULL DEFAULT NULL,
  `updated_at` timestamp NULL DEFAULT NULL,
  PRIMARY KEY (`id`),
  UNIQUE KEY `admins_user_id_unique` (`user_id`),
  CONSTRAINT `admins_user_id_foreign` FOREIGN KEY (`user_id`) REFERENCES `users` (`id`)
) ENGINE=InnoDB AUTO_INCREMENT=3 DEFAULT CHARSET=utf8mb4 COLLATE=utf8mb4_unicode_ci;

-- Volcando datos para la tabla noabs.admins: ~2 rows (aproximadamente)
DELETE FROM `admins`;
/*!40000 ALTER TABLE `admins` DISABLE KEYS */;
INSERT INTO `admins` (`id`, `user_id`, `created_at`, `updated_at`) VALUES
	(1, 1, '2018-09-05 22:11:50', '2018-09-05 22:11:50'),
	(2, 32, '2018-10-24 21:50:17', '2018-10-24 21:50:17');
/*!40000 ALTER TABLE `admins` ENABLE KEYS */;

-- Volcando estructura para tabla noabs.gestors
DROP TABLE IF EXISTS `gestors`;
CREATE TABLE IF NOT EXISTS `gestors` (
  `id` int(10) unsigned NOT NULL AUTO_INCREMENT,
  `user_id` int(10) unsigned NOT NULL,
  `institucion_id` int(10) unsigned NOT NULL,
  `activo` int(11) NOT NULL,
  `created_at` timestamp NULL DEFAULT NULL,
  `updated_at` timestamp NULL DEFAULT NULL,
  PRIMARY KEY (`id`),
  UNIQUE KEY `gestors_user_id_unique` (`user_id`),
  KEY `gestors_institucion_id_foreign` (`institucion_id`),
  CONSTRAINT `gestors_institucion_id_foreign` FOREIGN KEY (`institucion_id`) REFERENCES `institucions` (`id`),
  CONSTRAINT `gestors_user_id_foreign` FOREIGN KEY (`user_id`) REFERENCES `users` (`id`)
) ENGINE=InnoDB AUTO_INCREMENT=9 DEFAULT CHARSET=utf8mb4 COLLATE=utf8mb4_unicode_ci;

-- Volcando datos para la tabla noabs.gestors: ~8 rows (aproximadamente)
DELETE FROM `gestors`;
/*!40000 ALTER TABLE `gestors` DISABLE KEYS */;
INSERT INTO `gestors` (`id`, `user_id`, `institucion_id`, `activo`, `created_at`, `updated_at`) VALUES
	(1, 3, 1, 1, '2018-09-05 22:11:50', '2018-09-05 22:11:50'),
	(2, 22, 2, 1, '2018-09-07 21:57:31', '2018-09-07 21:57:31'),
	(3, 23, 3, 1, '2018-09-14 14:45:02', '2018-09-14 14:45:02'),
	(4, 25, 4, 1, '2018-09-14 16:04:26', '2018-09-14 16:04:26'),
	(5, 27, 5, 1, '2018-09-14 16:56:11', '2018-09-14 16:56:11'),
	(6, 34, 8, 1, '2018-11-01 20:41:23', '2018-11-01 20:41:23'),
	(7, 104, 9, 1, '2019-10-15 21:12:16', '2019-10-15 21:12:16'),
	(8, 106, 10, 1, '2019-10-15 21:13:59', '2019-10-15 21:13:59');
/*!40000 ALTER TABLE `gestors` ENABLE KEYS */;

-- Volcando estructura para tabla noabs.institucions
DROP TABLE IF EXISTS `institucions`;
CREATE TABLE IF NOT EXISTS `institucions` (
  `id` int(10) unsigned NOT NULL AUTO_INCREMENT,
  `nombre` varchar(200) COLLATE utf8mb4_unicode_ci NOT NULL,
  `departamento` varchar(60) COLLATE utf8mb4_unicode_ci NOT NULL,
  `direccion` varchar(250) COLLATE utf8mb4_unicode_ci NOT NULL,
  `telefono` varchar(50) COLLATE utf8mb4_unicode_ci NOT NULL,
  `fecha_inicio` date NOT NULL,
  `fecha_final` date NOT NULL,
  `created_at` timestamp NULL DEFAULT NULL,
  `updated_at` timestamp NULL DEFAULT NULL,
  PRIMARY KEY (`id`)
) ENGINE=InnoDB AUTO_INCREMENT=11 DEFAULT CHARSET=utf8mb4 COLLATE=utf8mb4_unicode_ci;

-- Volcando datos para la tabla noabs.institucions: ~10 rows (aproximadamente)
DELETE FROM `institucions`;
/*!40000 ALTER TABLE `institucions` DISABLE KEYS */;
INSERT INTO `institucions` (`id`, `nombre`, `departamento`, `direccion`, `telefono`, `fecha_inicio`, `fecha_final`, `created_at`, `updated_at`) VALUES
	(1, 'CECAR', 'Cordoba', 'Sevilla', '3015735780', '2018-09-01', '2022-06-30', '2018-09-05 22:11:49', '2022-04-10 19:21:19'),
	(2, 'Normal de Sicelejo', 'Sucre', 'Sevilla Sincelejo', '2823019', '2018-08-26', '2018-08-30', '2018-09-06 14:21:28', '2018-09-07 16:59:45'),
	(3, 'Institución Tolu', 'Sucre', 'CAlle tolu2', '25589895', '2018-09-05', '2018-12-25', '2018-09-14 14:43:55', '2018-12-07 21:05:21'),
	(4, 'Intitucion Prueba 2', 'Cordoba', 'CAlle tolu44444', '3333333', '2018-09-14', '2018-09-23', '2018-09-14 16:02:04', '2018-09-14 16:02:28'),
	(5, 'Institución San onofre', 'Sucre', 'Calle 13', '3015735780', '2018-09-14', '2018-09-30', '2018-09-14 16:55:24', '2018-09-14 16:55:24'),
	(6, 'Intitucion Prueba', 'Sucre', 'Troncal', '20184017', '2018-08-30', '2018-10-30', '2018-10-24 21:49:13', '2018-10-24 21:49:13'),
	(7, 'Intitucion Prueba', 'Sucre', 'Troncal', '20184017', '2018-08-30', '2018-10-30', '2018-10-24 21:50:17', '2018-10-24 21:50:17'),
	(8, 'PIO XII', 'Sucre', 'Coveñas', '3006179533', '2018-11-01', '2018-11-30', '2018-11-01 20:39:59', '2018-11-01 20:39:59'),
	(9, 'Madre Bernarda', 'Sucre', 'San onofre', '3106309186', '2019-10-15', '2019-12-31', '2019-10-15 21:10:42', '2019-10-15 21:10:42'),
	(10, 'Antonio Nariño', 'Sucre', 'San onofre', '3116578493', '2019-10-15', '2019-12-31', '2019-10-15 21:11:08', '2019-10-15 21:11:08');
/*!40000 ALTER TABLE `institucions` ENABLE KEYS */;

-- Volcando estructura para tabla noabs.migrations
DROP TABLE IF EXISTS `migrations`;
CREATE TABLE IF NOT EXISTS `migrations` (
  `id` int(10) unsigned NOT NULL AUTO_INCREMENT,
  `migration` varchar(255) COLLATE utf8mb4_unicode_ci NOT NULL,
  `batch` int(11) NOT NULL,
  PRIMARY KEY (`id`)
) ENGINE=MyISAM AUTO_INCREMENT=8 DEFAULT CHARSET=utf8mb4 COLLATE=utf8mb4_unicode_ci;

-- Volcando datos para la tabla noabs.migrations: 7 rows
DELETE FROM `migrations`;
/*!40000 ALTER TABLE `migrations` DISABLE KEYS */;
INSERT INTO `migrations` (`id`, `migration`, `batch`) VALUES
	(1, '2014_10_12_000000_create_users_table', 1),
	(2, '2018_08_29_195406_create_institucions_table', 1),
	(3, '2018_08_29_195424_create_admins_table', 1),
	(4, '2018_08_29_195436_create_gestors_table', 1),
	(5, '2018_08_29_195450_create_ninos_table', 1),
	(6, '2018_08_29_195513_create_respuesta_ninos_table', 1),
	(7, '2018_09_20_161137_create_preguntas_table', 2);
/*!40000 ALTER TABLE `migrations` ENABLE KEYS */;

-- Volcando estructura para tabla noabs.ninos
DROP TABLE IF EXISTS `ninos`;
CREATE TABLE IF NOT EXISTS `ninos` (
  `id` int(10) unsigned NOT NULL AUTO_INCREMENT,
  `sexo` varchar(10) COLLATE utf8mb4_unicode_ci NOT NULL,
  `user_id` int(10) unsigned NOT NULL,
  `institucion_id` int(10) unsigned NOT NULL,
  `fecha_nacimiento` date NOT NULL,
  `departamento` varchar(60) COLLATE utf8mb4_unicode_ci NOT NULL,
  `direccion` varchar(250) COLLATE utf8mb4_unicode_ci NOT NULL,
  `activo` int(11) NOT NULL,
  `created_at` timestamp NULL DEFAULT NULL,
  `updated_at` timestamp NULL DEFAULT NULL,
  PRIMARY KEY (`id`),
  UNIQUE KEY `ninos_user_id_unique` (`user_id`),
  KEY `ninos_institucion_id_foreign` (`institucion_id`),
  CONSTRAINT `ninos_institucion_id_foreign` FOREIGN KEY (`institucion_id`) REFERENCES `institucions` (`id`),
  CONSTRAINT `ninos_user_id_foreign` FOREIGN KEY (`user_id`) REFERENCES `users` (`id`)
) ENGINE=InnoDB AUTO_INCREMENT=334 DEFAULT CHARSET=utf8mb4 COLLATE=utf8mb4_unicode_ci;

-- Volcando datos para la tabla noabs.ninos: ~332 rows (aproximadamente)
DELETE FROM `ninos`;
/*!40000 ALTER TABLE `ninos` DISABLE KEYS */;
INSERT INTO `ninos` (`id`, `sexo`, `user_id`, `institucion_id`, `fecha_nacimiento`, `departamento`, `direccion`, `activo`, `created_at`, `updated_at`) VALUES
	(1, 'Masculino', 2, 1, '2018-10-30', 'Sucre', 'Troncal', 1, '2018-09-05 22:11:50', '2019-02-04 16:40:10'),
	(2, 'Masculino', 24, 3, '2007-06-13', 'Sucre', 'Sevilla Sincelejo', 0, '2018-09-14 14:49:04', '2018-10-03 19:06:38'),
	(3, 'Masculino', 28, 5, '2018-09-04', 'Sucre', 'Sevilla', 0, '2018-09-14 17:00:20', '2018-09-14 17:06:42'),
	(4, 'Femenino', 29, 1, '1989-02-21', 'Sucre', 'CAlle tolu', 1, '2018-09-18 18:59:38', '2019-06-21 02:27:29'),
	(5, 'Femenino', 30, 1, '2009-06-17', 'Sucre', 'Sevilla Sincelejo', 0, '2018-09-27 19:48:43', '2018-09-27 19:51:51'),
	(6, 'Masculino', 35, 8, '2005-07-20', 'Sucre', 'Casa en coveña', 0, '2018-11-01 20:45:31', '2018-11-01 20:48:09'),
	(7, 'Femenino', 36, 8, '2018-03-01', 'Sucre', 'Coveñas', 0, '2018-11-06 15:54:42', '2018-11-06 15:59:37'),
	(8, 'Masculino', 37, 8, '2006-01-11', 'Sucre', 'Coveñas Sucre', 0, '2018-11-08 02:40:57', '2018-11-08 17:02:16'),
	(9, 'Femenino', 38, 8, '2006-02-15', 'Sucre', 'Coveñas Sucre', 0, '2018-11-08 02:42:57', '2018-11-08 17:01:49'),
	(10, 'Masculino', 39, 8, '2006-02-22', 'Sucre', 'Coveñas Sucre', 0, '2018-11-08 02:44:57', '2018-11-08 17:07:27'),
	(11, 'Masculino', 40, 8, '2006-06-13', 'Sucre', 'Coveñas Sucre', 0, '2018-11-08 02:47:57', '2018-11-08 17:12:01'),
	(12, 'Femenino', 41, 8, '2007-06-13', 'Sucre', 'Coveñas Sucre', 1, '2018-11-08 02:49:41', '2018-11-08 02:49:41'),
	(13, 'Masculino', 42, 8, '2007-06-13', 'Sucre', 'Coveñas Sucre', 1, '2018-11-08 02:51:31', '2018-11-08 02:51:31'),
	(14, 'Femenino', 43, 8, '2007-03-15', 'Sucre', 'Coveñas Sucre', 0, '2018-11-08 02:54:11', '2018-11-08 17:23:35'),
	(15, 'Masculino', 44, 8, '2007-03-14', 'Sucre', 'Coveñas Sucre', 0, '2018-11-08 02:56:56', '2018-11-08 17:12:09'),
	(16, 'Femenino', 45, 8, '2007-02-22', 'Sucre', 'Coveñas Sucre', 0, '2018-11-08 03:10:17', '2018-11-08 15:10:21'),
	(17, 'Femenino', 46, 8, '2006-02-15', 'Sucre', 'Coveñas Sucre', 0, '2018-11-08 03:12:24', '2018-11-08 14:59:21'),
	(18, 'Femenino', 47, 8, '2006-02-22', 'Sucre', 'Coveñas Sucre', 0, '2018-11-08 03:14:11', '2018-11-08 14:38:41'),
	(19, 'Femenino', 48, 8, '2006-06-13', 'Sucre', 'Coveñas Sucre', 0, '2018-11-08 03:15:35', '2018-11-08 14:52:54'),
	(20, 'Masculino', 49, 8, '2006-08-25', 'Sucre', 'Coveñas Sucre', 0, '2018-11-08 03:17:15', '2018-11-08 14:47:21'),
	(21, 'Masculino', 50, 8, '2007-03-15', 'Sucre', 'Coveñas Sucre', 0, '2018-11-08 03:19:35', '2018-11-08 14:32:47'),
	(22, 'Femenino', 51, 8, '2009-12-24', 'Sucre', 'Coveñas Sucre', 0, '2018-11-08 03:22:08', '2018-11-08 16:06:22'),
	(23, 'Femenino', 52, 8, '2006-02-22', 'Sucre', 'Coveñas Sucre', 0, '2018-11-08 03:25:47', '2018-11-08 16:17:58'),
	(24, 'Femenino', 53, 8, '2006-06-13', 'Sucre', 'Coveñas Sucre', 1, '2018-11-08 03:27:46', '2018-11-08 03:27:46'),
	(25, 'Femenino', 54, 8, '2006-02-25', 'Sucre', 'Coveñas Sucre', 0, '2018-11-08 03:29:45', '2018-11-08 16:14:37'),
	(26, 'Masculino', 55, 8, '2006-01-28', 'Sucre', 'Coveñas Sucre', 0, '2018-11-08 03:31:01', '2018-11-08 16:26:15'),
	(27, 'Masculino', 56, 8, '2007-06-04', 'Sucre', 'Coveñas Sucre', 0, '2018-11-08 03:33:02', '2018-11-08 16:43:37'),
	(28, 'Masculino', 57, 8, '2007-05-29', 'Sucre', 'Coveñas Sucre', 0, '2018-11-08 03:34:14', '2018-11-08 16:30:54'),
	(29, 'Masculino', 58, 8, '2007-02-25', 'Sucre', 'Coveñas Sucre', 0, '2018-11-08 03:36:23', '2018-11-08 16:31:38'),
	(30, 'Masculino', 59, 8, '2007-02-27', 'Sucre', 'Coveñas Sucre', 0, '2018-11-08 03:39:03', '2018-11-08 16:23:11'),
	(31, 'Masculino', 60, 8, '2007-06-01', 'Sucre', 'Coveñas Sucre', 0, '2018-11-08 03:40:44', '2018-11-08 16:22:21'),
	(32, 'Masculino', 61, 8, '2006-01-30', 'Sucre', 'Coveñas Sucre', 0, '2018-11-08 03:45:22', '2018-11-08 16:41:03'),
	(33, 'Femenino', 62, 8, '2009-02-17', 'Sucre', 'Coveñas Sucre', 0, '2018-11-08 03:49:38', '2018-11-08 16:00:26'),
	(34, 'Masculino', 63, 8, '2006-05-31', 'Sucre', 'Coveñas Sucre', 0, '2018-11-08 03:51:54', '2018-11-08 16:05:03'),
	(35, 'Masculino', 64, 8, '2006-09-13', 'Sucre', 'Coveñas Sucre', 1, '2018-11-08 03:53:27', '2018-11-08 03:53:27'),
	(36, 'Femenino', 65, 8, '2006-05-30', 'Sucre', 'Coveñas Sucre', 0, '2018-11-08 03:56:05', '2018-11-08 16:06:29'),
	(37, 'Masculino', 66, 8, '2007-01-24', 'Sucre', 'Coveñas Sucre', 0, '2018-11-08 03:58:48', '2018-11-08 16:35:05'),
	(38, 'Femenino', 67, 8, '2006-02-23', 'Sucre', 'Coveñas Sucre', 0, '2018-11-08 04:09:50', '2018-11-08 17:22:37'),
	(39, 'Femenino', 68, 8, '2007-06-13', 'Sucre', 'Coveñas Sucre', 1, '2018-11-08 04:12:15', '2018-11-08 04:12:15'),
	(40, 'Masculino', 69, 8, '2009-10-13', 'Sucre', 'Coveñas Sucre', 0, '2018-11-08 04:14:07', '2018-11-08 17:10:47'),
	(41, 'Masculino', 70, 8, '2006-08-31', 'Sucre', 'Coveñas Sucre', 1, '2018-11-08 04:15:49', '2018-11-08 04:15:49'),
	(42, 'Femenino', 71, 8, '2007-06-16', 'Sucre', 'Coveñas Sucre', 0, '2018-11-08 04:18:01', '2018-11-08 17:00:16'),
	(43, 'Femenino', 72, 8, '2007-03-30', 'Sucre', 'Coveñas Sucre', 0, '2018-11-08 04:19:21', '2018-11-08 16:59:06'),
	(44, 'Masculino', 73, 8, '2006-01-13', 'Sucre', 'Coveñas Sucre', 1, '2018-11-08 04:21:09', '2018-11-08 04:21:09'),
	(45, 'Femenino', 74, 8, '2006-01-11', 'Sucre', 'Coveñas Sucre', 0, '2018-11-08 04:22:33', '2018-11-08 17:17:47'),
	(46, 'Femenino', 75, 8, '2006-02-22', 'Sucre', 'Coveñas Sucre', 0, '2018-11-08 04:24:15', '2018-11-08 17:11:07'),
	(47, 'Femenino', 76, 8, '2006-06-05', 'Sucre', 'Coveñas Sucre', 1, '2018-11-08 04:25:12', '2018-11-08 04:25:12'),
	(48, 'Masculino', 77, 8, '2007-06-13', 'Sucre', 'Coveñas Sucre', 1, '2018-11-08 04:26:05', '2018-11-08 04:26:05'),
	(49, 'Femenino', 78, 8, '2006-01-14', 'Sucre', 'Coveñas Sucre', 0, '2018-11-08 04:27:18', '2018-11-08 15:20:36'),
	(50, 'Masculino', 79, 8, '2006-02-22', 'Sucre', 'Coveñas Sucre', 0, '2018-11-08 04:28:51', '2018-11-08 15:06:52'),
	(51, 'Femenino', 80, 8, '2008-12-27', 'Sucre', 'Coveñas Sucre', 0, '2018-11-08 04:30:22', '2018-11-08 15:28:16'),
	(52, 'Masculino', 81, 8, '2006-02-22', 'Sucre', 'Coveñas Sucre', 0, '2018-11-08 04:31:29', '2018-11-08 14:57:32'),
	(53, 'Masculino', 82, 8, '2007-05-28', 'Sucre', 'Coveñas Sucre', 0, '2018-11-08 04:33:03', '2018-11-08 14:41:33'),
	(54, 'Masculino', 83, 8, '2007-10-16', 'Sucre', 'Coveñas Sucre', 0, '2018-11-08 04:34:48', '2018-11-08 15:16:50'),
	(55, 'Masculino', 84, 8, '2006-06-13', 'Sucre', 'Coveñas Sucre', 0, '2018-11-08 04:36:02', '2018-11-08 14:50:33'),
	(56, 'Masculino', 85, 8, '2006-02-22', 'Sucre', 'Coveñas Sucre', 0, '2018-11-08 04:37:36', '2018-11-08 15:27:48'),
	(57, 'Masculino', 86, 8, '2006-06-08', 'Sucre', 'Coveñas Sucre', 1, '2018-11-08 04:38:42', '2018-11-08 04:38:42'),
	(58, 'Masculino', 87, 8, '2006-03-10', 'Sucre', 'Coveñas Sucre', 0, '2018-11-08 04:40:32', '2018-11-08 16:36:46'),
	(59, 'Femenino', 88, 8, '2007-04-02', 'Sucre', 'Coveñas Sucre', 0, '2018-11-08 04:42:19', '2018-11-08 16:41:42'),
	(60, 'Femenino', 89, 8, '2007-04-07', 'Sucre', 'Coveñas Sucre', 0, '2018-11-08 04:43:15', '2018-11-08 16:44:47'),
	(61, 'Femenino', 90, 8, '2006-05-28', 'Sucre', 'Coveñas Sucre', 0, '2018-11-08 04:44:15', '2018-11-08 17:19:37'),
	(62, 'Femenino', 91, 8, '2006-05-31', 'Sucre', 'Coveñas Sucre', 1, '2018-11-08 04:45:47', '2018-11-08 04:45:47'),
	(63, 'Femenino', 92, 8, '2007-04-05', 'Sucre', 'Coveñas Sucre', 1, '2018-11-08 04:46:59', '2018-11-08 04:46:59'),
	(64, 'Femenino', 93, 8, '2006-01-31', 'Sucre', 'Coveñas Sucre', 1, '2018-11-08 04:49:07', '2018-11-08 04:49:07'),
	(65, 'Masculino', 94, 8, '2007-07-06', 'Sucre', 'Coveñas Sucre', 0, '2018-11-08 04:50:14', '2018-11-08 17:01:47'),
	(66, 'Masculino', 95, 8, '2006-01-30', 'Sucre', 'Coveñas Sucre', 1, '2018-11-08 04:51:37', '2018-11-08 04:51:37'),
	(67, 'Femenino', 96, 8, '2006-02-04', 'Sucre', 'Coveñas Sucre', 1, '2018-11-08 04:53:35', '2018-11-08 04:53:35'),
	(68, 'Femenino', 97, 8, '2006-02-04', 'Sucre', 'Coveñas Sucre', 0, '2018-11-08 04:54:46', '2018-11-08 17:20:44'),
	(69, 'Femenino', 98, 8, '2008-11-30', 'Sucre', 'Coveñas Sucre', 0, '2018-11-08 04:56:03', '2018-11-08 16:36:22'),
	(70, 'Femenino', 99, 8, '2007-07-06', 'Sucre', 'Coveñas Sucre', 0, '2018-11-08 04:57:03', '2018-11-08 16:06:46'),
	(71, 'Masculino', 100, 3, '2018-12-24', 'Amazonas', 'Troncal', 0, '2018-12-07 21:05:00', '2018-12-07 21:07:03'),
	(72, 'Femenino', 103, 1, '2004-06-22', 'Sucre', 'Sevilla', 1, '2019-07-03 19:24:30', '2020-10-03 14:47:40'),
	(73, 'Femenino', 107, 9, '2011-02-09', 'Sucre', 'San onofre', 0, '2019-10-15 21:17:48', '2019-10-15 21:20:54'),
	(74, 'Femenino', 112, 10, '2010-12-03', 'Sucre', 'Madre Bernarda', 1, '2019-10-21 15:09:44', '2019-10-21 15:09:44'),
	(75, 'Femenino', 113, 1, '2019-10-21', 'Amazonas', 'San onofre', 1, '2019-10-21 15:12:34', '2019-10-21 15:12:34'),
	(76, 'Femenino', 114, 9, '2009-12-09', 'Sucre', 'Maria Bernarda', 1, '2019-10-21 15:24:12', '2019-10-21 15:24:12'),
	(77, 'Masculino', 117, 9, '2010-05-07', 'Sucre', 'Madre Bernarda', 0, '2019-10-21 15:30:07', '2019-11-28 15:38:19'),
	(78, 'Femenino', 118, 9, '2011-05-20', 'Sucre', 'Madre Bernarda', 0, '2019-10-21 15:32:09', '2019-11-28 16:30:28'),
	(79, 'Masculino', 119, 9, '2007-05-17', 'Sucre', 'Madre Bernarda', 0, '2019-10-21 15:34:04', '2019-11-28 15:55:01'),
	(80, 'Femenino', 120, 9, '2011-03-22', 'Sucre', 'Madre Bernarda', 1, '2019-10-21 15:35:20', '2019-11-28 14:50:23'),
	(81, 'Femenino', 121, 9, '2007-07-04', 'Sucre', 'Madre Bernarda', 0, '2019-10-21 15:36:44', '2019-10-29 17:05:41'),
	(82, 'Femenino', 122, 9, '2012-02-24', 'Sucre', 'Madre Bernarda', 0, '2019-10-21 15:38:29', '2019-11-28 16:20:29'),
	(83, 'Femenino', 123, 9, '2010-03-17', 'Sucre', 'Madre Bernarda', 0, '2019-10-21 15:39:56', '2019-11-28 16:15:20'),
	(84, 'Femenino', 124, 9, '2010-09-12', 'Sucre', 'Madre Bernarda', 1, '2019-10-21 15:41:16', '2019-11-28 14:52:14'),
	(85, 'Femenino', 125, 9, '2010-01-12', 'Sucre', 'Madre Bernarda', 1, '2019-10-21 15:42:21', '2019-11-28 14:52:32'),
	(86, 'Femenino', 126, 9, '2010-08-09', 'Sucre', 'Madre Bernarda', 0, '2019-10-21 15:43:42', '2019-11-28 16:35:09'),
	(87, 'Femenino', 127, 9, '2011-02-10', 'Sucre', 'Madre Bernarda', 0, '2019-10-21 15:45:05', '2019-11-28 15:30:43'),
	(88, 'Masculino', 128, 9, '2010-11-21', 'Sucre', 'Madre Bernarda', 0, '2019-10-21 15:46:24', '2019-11-28 15:46:18'),
	(89, 'Masculino', 129, 9, '2010-03-25', 'Sucre', 'Madre Bernarda', 0, '2019-10-21 15:47:38', '2019-11-28 16:24:56'),
	(90, 'Masculino', 130, 9, '2011-02-23', 'Sucre', 'Madre Bernarda', 0, '2019-10-21 15:49:50', '2019-11-28 16:24:13'),
	(91, 'Masculino', 131, 9, '2010-12-13', 'Sucre', 'Madre Bernarda', 0, '2019-10-21 15:50:49', '2019-11-28 15:36:18'),
	(92, 'Femenino', 132, 9, '2010-09-16', 'Sucre', 'Madre Bernarda', 1, '2019-10-21 15:51:57', '2019-10-21 15:51:57'),
	(93, 'Masculino', 133, 9, '2010-05-05', 'Sucre', 'Madre Bernarda', 0, '2019-10-21 15:53:07', '2019-11-28 16:05:24'),
	(94, 'Masculino', 134, 9, '2010-12-27', 'Sucre', 'Madre Bernarda', 0, '2019-10-21 15:54:42', '2019-11-28 15:46:53'),
	(95, 'Femenino', 135, 9, '2010-12-28', 'Sucre', 'Madre Bernarda', 0, '2019-10-21 15:55:45', '2019-10-21 16:50:05'),
	(96, 'Masculino', 136, 9, '2011-02-25', 'Sucre', 'Madre Bernarda', 0, '2019-10-21 15:57:28', '2019-11-28 16:28:32'),
	(97, 'Masculino', 137, 9, '2007-10-11', 'Sucre', 'Madre Bernarda', 1, '2019-10-21 15:58:49', '2019-10-21 15:58:49'),
	(98, 'Femenino', 138, 9, '2010-07-07', 'Sucre', 'Madre Bernarda', 0, '2019-10-21 15:59:45', '2019-11-28 16:36:42'),
	(99, 'Femenino', 139, 9, '2011-06-07', 'Sucre', 'Madre Bernarda', 1, '2019-10-21 16:00:46', '2019-11-28 14:56:09'),
	(100, 'Masculino', 140, 9, '2011-03-17', 'Sucre', 'Madre Bernarda', 0, '2019-10-21 16:02:11', '2019-11-28 16:03:25'),
	(101, 'Femenino', 141, 9, '2009-10-08', 'Sucre', 'Madre Bernarda', 0, '2019-10-21 16:03:15', '2019-11-28 15:40:26'),
	(102, 'Masculino', 142, 9, '2011-06-19', 'Sucre', 'Madre Bernarda', 0, '2019-10-21 16:04:31', '2019-11-28 15:50:37'),
	(103, 'Femenino', 143, 9, '2010-05-31', 'Sucre', 'Madre Bernarda', 0, '2019-10-21 16:05:37', '2019-11-28 16:01:51'),
	(104, 'Masculino', 144, 9, '2007-11-15', 'Sucre', 'Madre Bernarda', 0, '2019-10-21 16:06:42', '2019-11-28 15:56:15'),
	(105, 'Femenino', 145, 9, '2010-12-03', 'Sucre', 'Madre Bernarda', 1, '2019-10-21 16:08:29', '2019-10-21 16:08:29'),
	(106, 'Femenino', 146, 9, '2010-10-10', 'Sucre', 'madre bernarda', 0, '2019-10-22 14:37:59', '2019-11-05 21:28:36'),
	(107, 'Masculino', 147, 9, '2009-06-28', 'Sucre', 'madre bernarda', 0, '2019-10-22 14:41:23', '2019-11-28 19:05:41'),
	(108, 'Masculino', 148, 9, '2010-02-21', 'Sucre', 'MADRE BERNARDA', 0, '2019-10-22 14:42:42', '2019-11-28 18:35:47'),
	(109, 'Masculino', 149, 9, '2010-10-15', 'Sucre', 'MADRE BERNARDA', 0, '2019-10-22 14:45:57', '2019-11-28 18:39:09'),
	(110, 'Femenino', 150, 9, '2009-08-10', 'Sucre', 'madre bernarda', 0, '2019-10-22 14:48:48', '2019-11-05 21:35:46'),
	(111, 'Femenino', 151, 9, '2009-12-28', 'Sucre', 'MADRE BERNARDA', 1, '2019-10-22 14:49:40', '2019-10-22 14:49:40'),
	(112, 'Masculino', 152, 9, '2011-02-16', 'Sucre', 'madre bernarda', 1, '2019-10-22 14:51:36', '2019-10-22 14:51:36'),
	(113, 'Masculino', 153, 9, '2010-09-03', 'Sucre', 'MADRE BERNARDA', 1, '2019-10-22 14:52:11', '2019-11-28 16:57:15'),
	(114, 'Femenino', 154, 9, '2008-12-05', 'Sucre', 'MADRE BERNARDA', 0, '2019-10-22 14:54:40', '2019-11-28 18:58:50'),
	(115, 'Femenino', 155, 9, '2009-07-05', 'Sucre', 'madre bernarda', 0, '2019-10-22 14:54:45', '2019-11-28 19:06:05'),
	(116, 'Masculino', 156, 9, '2006-11-12', 'Sucre', 'madre bernarda', 0, '2019-10-22 14:58:02', '2019-11-28 19:16:52'),
	(117, 'Masculino', 157, 9, '2010-01-05', 'Sucre', 'MADRE BERNARDA', 1, '2019-10-22 14:59:04', '2019-10-22 14:59:04'),
	(118, 'Femenino', 158, 9, '2010-07-08', 'Sucre', 'madre bernarda', 0, '2019-10-22 15:01:08', '2019-11-05 21:43:08'),
	(119, 'Masculino', 159, 9, '2009-11-27', 'Sucre', 'MADRE BERNARDA', 0, '2019-10-22 15:01:35', '2019-10-29 22:06:23'),
	(120, 'Femenino', 160, 9, '2009-12-27', 'Sucre', 'MADRE BERNARDA', 0, '2019-10-22 15:04:04', '2019-11-28 17:57:18'),
	(121, 'Masculino', 161, 9, '2011-05-08', 'Sucre', 'madre bernarda', 1, '2019-10-22 15:05:40', '2019-10-22 15:05:40'),
	(122, 'Femenino', 162, 9, '2009-10-19', 'Sucre', 'MADRE BERNARDA', 0, '2019-10-22 15:06:25', '2019-11-28 18:31:28'),
	(123, 'Masculino', 163, 9, '2010-03-25', 'Sucre', 'madre bernarda', 0, '2019-10-22 15:09:03', '2019-11-28 19:18:05'),
	(124, 'Masculino', 164, 9, '2008-12-06', 'Sucre', 'MADRE BERNARDA', 1, '2019-10-22 15:09:21', '2019-11-28 16:58:54'),
	(125, 'Masculino', 165, 9, '2009-09-21', 'Sucre', 'madre bernarda', 0, '2019-10-22 15:11:22', '2019-11-28 19:07:41'),
	(126, 'Masculino', 166, 9, '2008-07-29', 'Sucre', 'MADRE BERNARDA', 1, '2019-10-22 15:11:35', '2019-10-22 15:11:35'),
	(127, 'Femenino', 167, 9, '2010-02-17', 'Sucre', 'MADRE BERNARDA', 1, '2019-10-22 15:14:02', '2019-11-28 16:59:07'),
	(128, 'Masculino', 168, 9, '2009-06-17', 'Sucre', 'madre bernarda', 0, '2019-10-22 15:15:39', '2019-11-05 21:57:40'),
	(129, 'Masculino', 169, 9, '2009-01-24', 'Sucre', 'MADRE BERNARDA', 0, '2019-10-22 15:15:59', '2019-10-29 22:24:43'),
	(130, 'Femenino', 170, 9, '2008-05-28', 'Sucre', 'madre bernarda', 1, '2019-10-22 15:18:59', '2019-10-22 15:18:59'),
	(131, 'Femenino', 171, 9, '2010-09-01', 'Sucre', 'MADRE BERNARDA', 0, '2019-10-22 15:19:04', '2019-11-28 18:26:25'),
	(132, 'Femenino', 172, 9, '2008-08-10', 'Sucre', 'madre bernarda', 1, '2019-10-22 15:21:54', '2019-10-22 15:21:54'),
	(133, 'Masculino', 173, 9, '2009-09-12', 'Sucre', 'MADRE BERNARDA', 0, '2019-10-22 15:22:20', '2019-11-28 18:01:33'),
	(134, 'Femenino', 176, 9, '2009-10-20', 'Sucre', 'madre bernarda', 0, '2019-10-22 15:25:40', '2019-11-05 21:57:38'),
	(135, 'Femenino', 177, 9, '2009-04-08', 'Sucre', 'MADRE BERNARDA', 0, '2019-10-22 15:27:22', '2019-11-05 19:22:26'),
	(136, 'Masculino', 178, 9, '2007-11-18', 'Sucre', 'madre bernarda', 1, '2019-10-22 15:28:17', '2019-10-22 15:28:17'),
	(137, 'Masculino', 179, 9, '2008-12-04', 'Sucre', 'MADRE BERNARDA', 1, '2019-10-22 15:30:31', '2019-10-22 15:30:31'),
	(138, 'Femenino', 180, 9, '2011-04-27', 'Sucre', 'madre bernarda', 1, '2019-10-22 15:31:55', '2019-10-22 15:31:55'),
	(139, 'Masculino', 181, 9, '2008-12-25', 'Sucre', 'MADRE BERNARDA', 0, '2019-10-22 15:33:39', '2019-11-05 19:29:16'),
	(140, 'Masculino', 182, 9, '2008-01-13', 'Sucre', 'madre bernarda', 1, '2019-10-22 15:35:19', '2019-10-22 15:35:19'),
	(141, 'Femenino', 183, 9, '2010-01-13', 'Sucre', 'MADRE BERNARDA', 0, '2019-10-22 15:37:40', '2019-11-28 18:17:01'),
	(142, 'Femenino', 184, 9, '2011-05-28', 'Sucre', 'madre bernarda', 1, '2019-10-22 15:38:05', '2019-10-22 15:38:05'),
	(143, 'Femenino', 185, 9, '2007-06-01', 'Sucre', 'Madre Bernarda', 0, '2019-10-22 15:39:29', '2019-10-29 18:30:36'),
	(144, 'Femenino', 186, 9, '2010-05-28', 'Sucre', 'MADRE BERNARDA', 0, '2019-10-22 15:40:21', '2019-11-05 19:37:29'),
	(145, 'Masculino', 187, 9, '2010-01-08', 'Sucre', 'madre bernarda', 1, '2019-10-22 15:41:20', '2019-11-28 17:08:19'),
	(146, 'Femenino', 188, 9, '2010-05-02', 'Sucre', 'MADRE BERNARDA', 1, '2019-10-22 15:42:56', '2019-10-22 15:42:56'),
	(147, 'Femenino', 189, 9, '2008-10-14', 'Sucre', 'madre bernarda', 1, '2019-10-22 15:44:13', '2019-10-22 15:44:13'),
	(148, 'Masculino', 190, 9, '2007-08-10', 'Sucre', 'Madre Bernarda', 0, '2019-10-22 15:44:28', '2019-10-29 18:34:04'),
	(149, 'Masculino', 191, 9, '2010-02-19', 'Sucre', 'MADRE BERNARDA', 1, '2019-10-22 15:44:41', '2019-10-22 15:44:41'),
	(150, 'Masculino', 192, 9, '2006-07-28', 'Sucre', 'Madre Bernarda', 0, '2019-10-22 15:46:29', '2019-10-29 18:42:08'),
	(151, 'Femenino', 193, 9, '2009-04-19', 'Sucre', 'MADRE BERNARDA', 0, '2019-10-22 15:46:50', '2019-11-05 19:45:58'),
	(152, 'Femenino', 194, 9, '2010-04-21', 'Sucre', 'madre bernarda', 0, '2019-10-22 15:49:02', '2019-11-05 22:08:07'),
	(153, 'Femenino', 195, 9, '2009-07-17', 'Sucre', 'MADRE BERNARDA', 0, '2019-10-22 15:49:33', '2019-11-05 19:46:15'),
	(154, 'Femenino', 196, 9, '2009-01-14', 'Sucre', 'Madre Bernarda', 0, '2019-10-22 15:49:51', '2019-10-29 18:45:15'),
	(155, 'Femenino', 197, 9, '2009-11-05', 'Sucre', 'MADRE BERNARDA', 0, '2019-10-22 15:51:08', '2019-11-28 18:53:49'),
	(156, 'Femenino', 198, 9, '2008-01-06', 'Sucre', 'madre bernarda', 1, '2019-10-22 15:51:10', '2019-10-22 15:51:10'),
	(157, 'Femenino', 199, 9, '2009-10-02', 'Sucre', 'MADRE BERNARDA', 0, '2019-10-22 15:53:39', '2019-11-28 18:55:57'),
	(158, 'Masculino', 200, 9, '2008-09-15', 'Sucre', 'Madre Bernarda', 0, '2019-10-22 15:54:09', '2019-11-28 16:16:55'),
	(159, 'Femenino', 201, 9, '2010-12-26', 'Sucre', 'madre bernarda', 0, '2019-10-22 15:54:35', '2019-11-05 22:18:30'),
	(160, 'Femenino', 202, 9, '2009-12-02', 'Sucre', 'MADRE BERNARDA', 1, '2019-10-22 15:55:26', '2019-10-22 15:55:26'),
	(161, 'Masculino', 203, 9, '2007-07-16', 'Sucre', 'Madre Bernarda', 0, '2019-10-22 15:56:32', '2019-11-28 16:13:21'),
	(162, 'Femenino', 204, 9, '2009-05-23', 'Sucre', 'madre bernarda', 1, '2019-10-22 15:56:38', '2019-10-22 15:56:38'),
	(163, 'Masculino', 205, 9, '2009-10-22', 'Sucre', 'MADRE BERNARDA', 0, '2019-10-22 15:57:48', '2019-11-05 20:07:28'),
	(164, 'Masculino', 206, 9, '2009-06-20', 'Sucre', 'madre bernarda', 0, '2019-10-22 15:58:51', '2019-12-02 15:47:08'),
	(165, 'Masculino', 207, 9, '2009-05-24', 'Sucre', 'Madre Bernarda', 0, '2019-10-22 15:59:02', '2019-10-29 19:05:11'),
	(166, 'Femenino', 208, 9, '2009-02-18', 'Sucre', 'MADRE BERNARDA', 1, '2019-10-22 15:59:59', '2019-10-22 15:59:59'),
	(167, 'Femenino', 209, 9, '2011-05-27', 'Sucre', 'madre bernarda', 0, '2019-10-22 16:01:10', '2019-11-05 22:16:09'),
	(168, 'Femenino', 210, 9, '2010-02-15', 'Sucre', 'madre bernarda', 1, '2019-10-22 16:03:02', '2019-10-22 16:03:02'),
	(169, 'Femenino', 211, 9, '2009-07-12', 'Sucre', 'Madre Bernarda', 0, '2019-10-22 16:03:02', '2019-10-29 19:08:22'),
	(170, 'Femenino', 215, 9, '2009-11-03', 'Sucre', 'MADRE BERNARDA', 0, '2019-10-22 16:05:20', '2019-11-05 20:14:38'),
	(171, 'Femenino', 217, 9, '2008-10-09', 'Sucre', 'Madre Bernarda', 0, '2019-10-22 16:06:29', '2019-10-29 19:15:39'),
	(172, 'Masculino', 218, 9, '2009-11-04', 'Sucre', 'MADRE BERNARDA', 0, '2019-10-22 16:07:14', '2019-11-28 18:10:25'),
	(173, 'Masculino', 219, 9, '2009-12-22', 'Sucre', 'MADRE BERNARDA', 1, '2019-10-22 16:08:53', '2019-10-22 16:08:53'),
	(174, 'Femenino', 220, 9, '2008-10-09', 'Sucre', 'Madre Bernarda', 0, '2019-10-22 16:09:18', '2019-10-29 19:16:35'),
	(175, 'Femenino', 221, 9, '2008-11-11', 'Sucre', 'MADRE BERNARDA', 1, '2019-10-22 16:10:30', '2019-10-22 16:19:28'),
	(176, 'Femenino', 222, 9, '2009-01-26', 'Sucre', 'madre bernarda', 0, '2019-10-22 16:11:39', '2019-10-29 20:26:33'),
	(177, 'Femenino', 223, 9, '2009-02-15', 'Sucre', 'Madre Bernarda', 0, '2019-10-22 16:13:29', '2019-10-29 19:27:08'),
	(178, 'Masculino', 224, 9, '2006-09-18', 'Sucre', 'MADRE BERNARDA', 0, '2019-10-22 16:13:54', '2019-11-05 20:26:09'),
	(179, 'Masculino', 225, 9, '2007-06-10', 'Sucre', 'madre bernarda', 1, '2019-10-22 16:15:38', '2019-10-22 16:15:38'),
	(180, 'Masculino', 226, 9, '2009-01-27', 'Sucre', 'Madre Bernarda', 0, '2019-10-22 16:15:47', '2019-10-29 19:28:01'),
	(181, 'Masculino', 227, 9, '2008-03-10', 'Sucre', 'MADRE BERNARDA', 0, '2019-10-22 16:16:16', '2019-11-28 18:39:15'),
	(182, 'Masculino', 228, 9, '2009-12-11', 'Sucre', 'MADRE BERNARDA', 1, '2019-10-22 16:20:15', '2019-10-22 16:20:15'),
	(183, 'Femenino', 229, 9, '2007-08-20', 'Sucre', 'MADRE BERNARDA', 1, '2019-10-22 16:23:45', '2019-10-22 16:23:45'),
	(184, 'Femenino', 230, 9, '2008-03-28', 'Sucre', 'madre bernarda', 0, '2019-10-22 16:23:51', '2019-10-29 20:25:48'),
	(185, 'Femenino', 231, 9, '2009-01-14', 'Sucre', 'Madre Bernarda', 0, '2019-10-22 16:26:07', '2019-10-29 19:36:16'),
	(186, 'Masculino', 232, 9, '2007-06-20', 'Sucre', 'MADRE BERNARDA', 0, '2019-10-22 16:26:11', '2019-11-05 20:29:46'),
	(187, 'Femenino', 233, 9, '2007-11-22', 'Sucre', 'madre bernarda', 0, '2019-10-22 16:26:24', '2019-10-29 20:37:37'),
	(188, 'Masculino', 234, 9, '2006-05-31', 'Sucre', 'MADRE BERNARDA', 1, '2019-10-22 16:28:07', '2019-10-22 16:28:07'),
	(189, 'Femenino', 235, 9, '2005-06-18', 'Sucre', 'madre bernarda', 1, '2019-10-22 16:28:26', '2019-10-22 16:28:26'),
	(190, 'Femenino', 236, 9, '2007-03-31', 'Sucre', 'Madre Bernarda', 0, '2019-10-22 16:28:28', '2019-10-29 19:38:15'),
	(191, 'Masculino', 237, 9, '2010-03-23', 'Sucre', 'MADRE BERNARDA', 0, '2019-10-22 16:29:43', '2019-11-05 20:36:43'),
	(192, 'Masculino', 238, 9, '2008-10-25', 'Sucre', 'Madre Bernarda', 0, '2019-10-22 16:31:03', '2019-10-29 19:46:53'),
	(193, 'Masculino', 239, 9, '2006-07-15', 'Sucre', 'madre bernarda', 0, '2019-10-22 16:32:00', '2019-10-29 20:35:20'),
	(194, 'Femenino', 240, 9, '2008-09-17', 'Sucre', 'Madre Bernarda', 0, '2019-10-22 16:33:04', '2019-10-29 19:45:28'),
	(195, 'Femenino', 241, 9, '2009-02-03', 'Sucre', 'MADRE BERNARDA', 0, '2019-10-22 16:34:22', '2019-11-05 20:37:06'),
	(196, 'Femenino', 242, 9, '2008-07-14', 'Sucre', 'madre bernarda', 0, '2019-10-22 16:34:46', '2019-10-29 20:46:11'),
	(197, 'Masculino', 243, 9, '2008-08-14', 'Sucre', 'Madre Bernarda', 0, '2019-10-22 16:36:27', '2019-10-29 19:54:59'),
	(198, 'Femenino', 244, 9, '2009-09-17', 'Sucre', 'MADRE BERNARDA', 0, '2019-10-22 16:36:32', '2019-11-05 20:43:23'),
	(199, 'Masculino', 246, 9, '2008-06-13', 'Sucre', 'madre bernarda', 0, '2019-10-22 16:38:35', '2019-10-29 20:44:36'),
	(200, 'Masculino', 247, 9, '2009-12-22', 'Sucre', 'MADRE BERNARDA', 0, '2019-10-22 16:38:50', '2019-11-28 18:30:39'),
	(201, 'Masculino', 248, 9, '2009-09-13', 'Sucre', 'Madre Bernarda', 0, '2019-10-22 16:40:23', '2019-10-29 19:57:21'),
	(202, 'Femenino', 249, 9, '2009-12-09', 'Sucre', 'MADRE BERNARDA', 0, '2019-10-22 16:40:25', '2019-11-05 21:21:54'),
	(203, 'Femenino', 250, 9, '2008-11-29', 'Sucre', 'madre bernarda', 0, '2019-10-22 16:41:21', '2019-10-29 20:50:33'),
	(204, 'Femenino', 251, 9, '2007-10-21', 'Sucre', 'MADRE BERNARDA', 1, '2019-10-22 16:42:46', '2019-10-22 16:42:46'),
	(205, 'Masculino', 252, 9, '2008-12-02', 'Sucre', 'Madre Bernarda', 0, '2019-10-22 16:43:08', '2019-10-29 20:04:29'),
	(206, 'Masculino', 253, 9, '2008-10-07', 'Sucre', 'madre bernarda', 0, '2019-10-22 16:43:51', '2019-11-28 18:17:49'),
	(207, 'Femenino', 254, 9, '2009-11-09', 'Sucre', 'MADRE BERNARDA', 1, '2019-10-22 16:45:01', '2019-10-22 16:45:01'),
	(208, 'Femenino', 255, 9, '2008-01-16', 'Sucre', 'madre bernarda', 0, '2019-10-22 16:45:59', '2019-11-28 18:07:35'),
	(209, 'Masculino', 256, 9, '2007-12-10', 'Sucre', 'Madre Bernarda', 0, '2019-10-22 16:46:48', '2019-10-29 20:08:11'),
	(210, 'Femenino', 257, 9, '2009-10-17', 'Sucre', 'MADRE BERNARDA', 0, '2019-10-22 16:46:49', '2019-11-05 20:55:59'),
	(211, 'Masculino', 258, 9, '2005-09-15', 'Sucre', 'madre bernarda', 0, '2019-10-22 16:48:50', '2019-11-28 18:14:08'),
	(212, 'Femenino', 259, 9, '2009-06-26', 'Sucre', 'MADRE BERNARDA', 1, '2019-10-22 16:49:22', '2019-10-22 16:49:22'),
	(213, 'Masculino', 260, 9, '2007-02-06', 'Sucre', 'MADRE BERNARDA', 1, '2019-10-22 16:51:07', '2019-10-22 16:51:07'),
	(214, 'Masculino', 261, 9, '2005-12-26', 'Sucre', 'madre bernarda', 0, '2019-10-22 16:51:14', '2019-10-29 21:15:19'),
	(215, 'Masculino', 262, 9, '2008-02-25', 'Sucre', 'Madre Bernarda', 0, '2019-10-22 16:53:40', '2019-10-29 20:14:15'),
	(216, 'Femenino', 263, 9, '2006-08-30', 'Sucre', 'MADRE BERNARDA', 1, '2019-10-22 16:53:47', '2019-10-22 16:53:47'),
	(217, 'Femenino', 264, 9, '2006-09-20', 'Sucre', 'madre bernarda', 0, '2019-10-22 16:54:49', '2019-10-29 21:12:55'),
	(218, 'Masculino', 265, 9, '2009-02-28', 'Sucre', 'MADRE BERNARDA', 0, '2019-10-22 16:55:34', '2019-11-05 21:15:25'),
	(219, 'Femenino', 266, 9, '2008-09-21', 'Sucre', 'Madre Bernarda', 1, '2019-10-22 16:56:20', '2019-10-22 16:56:20'),
	(220, 'Masculino', 267, 9, '2006-06-17', 'Sucre', 'MADRE BERNARDA', 1, '2019-10-22 16:57:21', '2019-10-22 16:57:21'),
	(221, 'Femenino', 268, 9, '2006-09-25', 'Sucre', 'madre bernarda', 1, '2019-10-22 16:57:59', '2019-10-22 16:57:59'),
	(222, 'Masculino', 269, 9, '2008-01-15', 'Sucre', 'MADRE BERNARDA', 1, '2019-10-22 16:59:31', '2019-10-22 16:59:31'),
	(223, 'Masculino', 270, 9, '2007-03-28', 'Sucre', 'madre bernarda', 0, '2019-10-22 17:00:53', '2019-10-29 21:23:27'),
	(224, 'Masculino', 271, 9, '2008-07-24', 'Sucre', 'MADRE BERNARDA', 0, '2019-10-22 17:01:47', '2019-11-05 21:04:00'),
	(225, 'Femenino', 273, 9, '2009-10-27', 'Sucre', 'MADRE BERNARDA', 0, '2019-10-22 17:03:36', '2019-11-05 21:09:37'),
	(226, 'Femenino', 274, 9, '2008-10-11', 'Sucre', 'madre bernarda', 0, '2019-10-22 17:03:46', '2019-11-28 18:21:19'),
	(227, 'Femenino', 275, 9, '2007-02-06', 'Sucre', 'MADRE BERNARDA', 0, '2019-10-22 17:05:38', '2019-11-05 21:15:10'),
	(228, 'Masculino', 276, 9, '2007-04-10', 'Sucre', 'madre bernarda', 0, '2019-10-22 17:08:31', '2019-10-29 21:31:44'),
	(229, 'Masculino', 277, 9, '2008-10-16', 'Sucre', 'madre bernarda', 0, '2019-10-22 17:12:15', '2019-10-29 21:31:27'),
	(230, 'Femenino', 278, 9, '2009-04-01', 'Sucre', 'madre bernarda', 1, '2019-10-22 17:13:47', '2019-10-22 17:13:47'),
	(231, 'Masculino', 279, 9, '2007-02-09', 'Sucre', 'madre bernarda', 0, '2019-10-22 17:15:13', '2019-10-29 21:39:36'),
	(232, 'Femenino', 280, 9, '2011-01-08', 'Sucre', 'Madre Bernarda', 0, '2019-10-24 02:11:24', '2019-10-29 16:23:53'),
	(233, 'Femenino', 281, 9, '2010-12-22', 'Sucre', 'Madre Bernarda', 0, '2019-10-24 02:14:41', '2019-10-29 16:22:38'),
	(234, 'Masculino', 282, 9, '2011-01-11', 'Sucre', 'Madre Bernarda', 0, '2019-10-24 02:17:35', '2019-10-29 16:32:50'),
	(235, 'Masculino', 283, 9, '2010-01-23', 'Sucre', 'Madre Bernarda', 1, '2019-10-24 02:20:02', '2019-10-24 02:20:02'),
	(236, 'Masculino', 284, 9, '2009-05-28', 'Sucre', 'Madre Bernarda', 1, '2019-10-24 02:22:03', '2019-10-24 02:22:03'),
	(237, 'Masculino', 285, 9, '2010-04-01', 'Sucre', 'Madre Bernarda', 1, '2019-10-24 02:24:09', '2019-10-24 02:24:09'),
	(238, 'Masculino', 286, 9, '2010-12-05', 'Sucre', 'Madre Bernarda', 0, '2019-10-24 02:29:28', '2019-12-02 14:19:48'),
	(239, 'Masculino', 287, 9, '2009-02-13', 'Sucre', 'Madre Bernarda', 1, '2019-10-24 02:32:23', '2019-10-24 02:32:23'),
	(240, 'Masculino', 288, 9, '2010-05-07', 'Sucre', 'Madre Bernarda', 1, '2019-10-24 02:34:16', '2019-10-24 02:34:16'),
	(241, 'Femenino', 289, 9, '2010-08-31', 'Sucre', 'Madre Bernarda', 0, '2019-10-24 02:36:24', '2019-10-29 16:34:56'),
	(242, 'Femenino', 292, 9, '2010-02-12', 'Sucre', 'Madre Bernarda', 0, '2019-10-24 02:41:46', '2019-10-29 18:36:07'),
	(243, 'Femenino', 293, 9, '2010-02-17', 'Sucre', 'Madre Bernarda', 0, '2019-10-24 02:43:58', '2019-12-02 14:28:58'),
	(244, 'Masculino', 294, 9, '2010-05-16', 'Sucre', 'Madre Bernarda', 0, '2019-10-24 02:45:44', '2019-10-29 18:44:34'),
	(245, 'Femenino', 295, 9, '2009-01-16', 'Sucre', 'Madre Bernarda', 0, '2019-10-24 02:47:31', '2019-10-29 18:48:24'),
	(246, 'Femenino', 296, 9, '2008-06-10', 'Sucre', 'Madre Bernarda', 1, '2019-10-24 02:50:03', '2019-10-24 02:50:03'),
	(247, 'Masculino', 297, 9, '2008-08-17', 'Sucre', 'Madre Bernarda', 1, '2019-10-24 02:52:04', '2019-10-24 02:52:04'),
	(248, 'Femenino', 298, 9, '2006-09-07', 'Sucre', 'Madre Bernarda', 1, '2019-10-24 02:54:47', '2019-10-24 02:54:47'),
	(249, 'Masculino', 300, 9, '2010-03-09', 'Sucre', 'Madre Bernarda', 0, '2019-10-24 03:00:32', '2019-12-02 13:54:03'),
	(250, 'Femenino', 301, 9, '2009-07-12', 'Sucre', 'Madre Bernarda', 0, '2019-10-24 03:02:32', '2019-10-29 18:55:50'),
	(251, 'Masculino', 302, 9, '2008-12-22', 'Sucre', 'Madre Bernarda', 0, '2019-10-24 03:04:04', '2019-10-29 19:04:29'),
	(252, 'Femenino', 303, 9, '2005-12-27', 'Sucre', 'Madre Bernarda', 0, '2019-10-24 03:06:21', '2019-10-29 19:04:35'),
	(253, 'Masculino', 304, 9, '2007-10-21', 'Sucre', 'Madre Bernarda', 0, '2019-10-24 03:08:41', '2019-10-29 19:31:04'),
	(254, 'Femenino', 305, 9, '2009-10-30', 'Sucre', 'Madre Bernarda', 0, '2019-10-24 03:10:42', '2019-10-29 19:12:56'),
	(255, 'Femenino', 306, 9, '2008-11-06', 'Sucre', 'Madre Bernarda', 0, '2019-10-24 03:13:15', '2019-10-29 19:14:35'),
	(256, 'Masculino', 307, 9, '2006-10-27', 'Sucre', 'Madre Bernarda', 0, '2019-10-24 03:15:05', '2019-10-29 19:22:10'),
	(257, 'Masculino', 308, 9, '2009-10-20', 'Sucre', 'Madre Bernarda', 0, '2019-10-24 03:17:00', '2019-12-02 13:54:27'),
	(258, 'Femenino', 309, 9, '2010-06-16', 'Sucre', 'Madre Bernarda', 0, '2019-10-24 03:18:51', '2019-10-29 19:30:40'),
	(259, 'Femenino', 310, 9, '2006-07-16', 'Sucre', 'Madre Bernarda', 1, '2019-10-24 03:21:08', '2019-10-24 03:21:08'),
	(260, 'Femenino', 311, 9, '2012-08-11', 'Sucre', 'madre bernarda', 0, '2019-10-24 03:21:16', '2019-10-29 13:45:31'),
	(261, 'Masculino', 313, 9, '2009-01-03', 'Sucre', 'Madre Bernarda', 0, '2019-10-24 03:24:50', '2019-10-29 19:49:04'),
	(262, 'Masculino', 314, 9, '2006-11-17', 'Sucre', 'Madre Bernarda', 1, '2019-10-24 03:26:23', '2019-10-24 03:26:23'),
	(263, 'Femenino', 315, 9, '2012-06-25', 'Sucre', 'madre bernarda', 0, '2019-10-24 03:28:03', '2019-10-29 14:10:28'),
	(264, 'Masculino', 316, 9, '2006-11-04', 'Sucre', 'Madre Bernarda', 1, '2019-10-24 03:28:20', '2019-10-24 03:28:20'),
	(265, 'Masculino', 317, 9, '2008-11-26', 'Sucre', 'Madre Bernarda', 0, '2019-10-24 03:30:23', '2019-10-29 19:40:26'),
	(266, 'Femenino', 318, 9, '2006-07-13', 'Sucre', 'Madre Bernarda', 0, '2019-10-24 03:32:14', '2019-10-29 19:40:42'),
	(267, 'Femenino', 319, 9, '2011-06-03', 'Sucre', 'madre bernarda', 0, '2019-10-24 03:32:30', '2019-10-29 13:44:47'),
	(268, 'Femenino', 321, 9, '2008-09-11', 'Sucre', 'Madre Bernarda', 1, '2019-10-24 03:36:16', '2019-10-24 03:36:16'),
	(269, 'Femenino', 322, 9, '2007-06-14', 'Sucre', 'Madre Bernarda', 1, '2019-10-24 03:38:19', '2019-10-24 03:38:19'),
	(270, 'Masculino', 323, 9, '2009-12-21', 'Sucre', 'Madre Bernarda', 0, '2019-10-24 03:39:54', '2019-10-29 19:54:45'),
	(271, 'Femenino', 324, 9, '2013-04-01', 'Sucre', 'madre bernarda', 0, '2019-10-24 03:42:38', '2019-12-02 14:20:18'),
	(272, 'Femenino', 325, 9, '2012-08-25', 'Sucre', 'madre bernarda', 0, '2019-10-24 03:45:21', '2019-10-29 14:24:48'),
	(273, 'Masculino', 326, 9, '2013-06-19', 'Sucre', 'madre bernarda', 0, '2019-10-24 03:54:16', '2019-10-29 13:42:12'),
	(274, 'Masculino', 327, 9, '2011-08-07', 'Sucre', 'madre bernarda', 0, '2019-10-24 03:57:42', '2019-10-29 14:34:40'),
	(275, 'Femenino', 328, 9, '2012-06-20', 'Sucre', 'madre bernarda', 0, '2019-10-24 04:00:22', '2019-12-02 14:34:53'),
	(276, 'Masculino', 329, 9, '2011-10-01', 'Sucre', 'madre bernarda', 1, '2019-10-24 04:03:10', '2019-10-24 04:03:10'),
	(277, 'Masculino', 330, 9, '2011-11-12', 'Sucre', 'madre bernarda', 0, '2019-10-24 04:05:44', '2019-10-29 14:57:04'),
	(278, 'Masculino', 331, 9, '2011-12-22', 'Sucre', 'madre bernarda', 0, '2019-10-24 04:09:07', '2019-10-29 14:52:55'),
	(279, 'Femenino', 332, 9, '2013-01-11', 'Sucre', 'madre bernarda', 1, '2019-10-24 04:12:25', '2019-10-24 04:12:25'),
	(280, 'Femenino', 333, 9, '2013-05-06', 'Sucre', 'madre bernarda', 1, '2019-10-24 04:15:21', '2019-10-24 04:15:21'),
	(281, 'Femenino', 334, 9, '2013-04-02', 'Sucre', 'madre bernarda', 0, '2019-10-24 04:22:52', '2019-12-02 14:39:02'),
	(282, 'Femenino', 335, 9, '2009-06-20', 'Sucre', 'madre bernarda', 1, '2019-10-24 04:28:57', '2019-10-24 04:28:57'),
	(283, 'Femenino', 336, 9, '2011-08-17', 'Sucre', 'madre bernarda', 1, '2019-10-24 04:31:31', '2019-10-24 04:31:31'),
	(284, 'Masculino', 337, 9, '2011-12-03', 'Sucre', 'madre bernarda', 1, '2019-10-24 04:34:55', '2019-10-24 04:34:55'),
	(285, 'Masculino', 338, 9, '2010-03-25', 'Sucre', 'madre bernarda', 1, '2019-10-24 04:44:14', '2019-10-24 04:44:14'),
	(286, 'Masculino', 339, 9, '2010-11-09', 'Sucre', 'madre bernarda', 1, '2019-10-24 04:46:46', '2019-10-24 04:46:46'),
	(287, 'Femenino', 340, 9, '2011-11-06', 'Sucre', 'madre bernarda', 1, '2019-10-24 04:50:53', '2019-10-24 04:50:53'),
	(288, 'Femenino', 341, 9, '2011-04-24', 'Sucre', 'madre bernarda', 1, '2019-10-24 05:05:16', '2019-10-24 05:05:16'),
	(289, 'Femenino', 342, 9, '2011-09-17', 'Sucre', 'madre bernarda', 1, '2019-10-24 05:08:29', '2019-10-24 05:08:29'),
	(290, 'Masculino', 343, 9, '2011-09-30', 'Sucre', 'madre bernarda', 0, '2019-10-24 05:13:57', '2019-10-29 15:31:56'),
	(291, 'Femenino', 344, 9, '2011-09-10', 'Sucre', 'madre bernarda', 0, '2019-10-24 05:20:44', '2019-10-29 15:16:29'),
	(292, 'Masculino', 345, 9, '2011-11-12', 'Sucre', 'madre bernarda', 1, '2019-10-24 05:22:45', '2019-10-24 05:22:45'),
	(293, 'Femenino', 346, 9, '2012-09-14', 'Sucre', 'madre bernarda', 0, '2019-10-24 05:26:04', '2019-10-29 15:33:53'),
	(294, 'Femenino', 347, 9, '2007-06-24', 'Sucre', 'madre bernarda', 0, '2019-10-24 05:29:32', '2019-10-29 15:39:12'),
	(295, 'Femenino', 348, 9, '2010-11-04', 'Sucre', 'madre bernarda', 1, '2019-10-24 05:32:34', '2019-10-24 05:32:34'),
	(296, 'Masculino', 349, 9, '2011-10-12', 'Sucre', 'madre bernarda', 1, '2019-10-24 05:34:42', '2019-10-24 05:34:42'),
	(297, 'Masculino', 350, 9, '2009-12-07', 'Sucre', 'madre bernarda', 0, '2019-10-24 05:37:01', '2019-11-28 15:03:39'),
	(298, 'Masculino', 351, 9, '2011-04-08', 'Sucre', 'madre bernarda', 0, '2019-10-24 05:38:52', '2019-10-29 15:57:14'),
	(299, 'Masculino', 352, 9, '2006-11-06', 'Sucre', 'madre bernarda', 1, '2019-10-24 05:42:01', '2019-10-24 05:42:01'),
	(300, 'Masculino', 353, 9, '2007-07-29', 'Sucre', 'madre bernarda', 1, '2019-10-24 05:44:52', '2019-10-24 05:44:52'),
	(301, 'Femenino', 354, 9, '2011-01-31', 'Sucre', 'madre bernarda', 1, '2019-10-24 05:49:58', '2019-10-24 05:49:58'),
	(302, 'Masculino', 356, 9, '2010-11-24', 'Sucre', 'madre bernarda', 0, '2019-10-24 05:53:25', '2019-12-02 14:06:40'),
	(303, 'Femenino', 357, 9, '2010-11-24', 'Sucre', 'madre bernarda', 0, '2019-10-24 05:55:42', '2019-10-29 15:53:30'),
	(304, 'Masculino', 358, 9, '2010-08-20', 'Sucre', 'madre bernarda', 0, '2019-10-24 05:58:15', '2019-10-29 16:06:11'),
	(305, 'Femenino', 359, 9, '2010-07-11', 'Sucre', 'Antonio Nariño', 0, '2019-10-24 06:00:25', '2019-12-02 14:05:51'),
	(306, 'Femenino', 360, 9, '2010-08-20', 'Sucre', 'madre bernarda', 0, '2019-10-24 06:02:31', '2019-10-29 15:57:20'),
	(307, 'Masculino', 361, 9, '2009-09-03', 'Sucre', 'madre bernarda', 0, '2019-10-24 06:04:59', '2019-10-29 16:18:32'),
	(308, 'Femenino', 362, 9, '2019-10-22', 'La Guajira', 'Guajira', 1, '2019-10-25 23:36:53', '2019-10-25 23:36:53'),
	(309, 'Femenino', 363, 9, '2008-05-03', 'Sucre', 'Madre Bernarda', 0, '2019-10-27 13:53:05', '2019-10-29 19:59:03'),
	(310, 'Masculino', 364, 9, '2007-11-15', 'Sucre', 'Madre Bernarda', 0, '2019-10-27 13:56:13', '2019-10-29 20:03:53'),
	(311, 'Femenino', 365, 9, '2008-07-28', 'Sucre', 'Madre Bernarda', 0, '2019-10-27 13:58:18', '2019-10-29 20:10:56'),
	(312, 'Masculino', 366, 9, '2005-07-07', 'Sucre', 'Madre Bernarda', 0, '2019-10-27 14:00:16', '2019-10-29 20:10:36'),
	(313, 'Masculino', 367, 9, '2005-10-24', 'Sucre', 'Madre Bernarda', 0, '2019-10-27 14:02:32', '2019-10-29 20:18:50'),
	(314, 'Femenino', 368, 9, '2005-08-22', 'Sucre', 'Madre Bernarda', 0, '2019-10-27 14:04:40', '2019-10-29 20:19:40'),
	(315, 'Masculino', 369, 9, '2009-02-18', 'Sucre', 'Madre Bernarda', 0, '2019-10-27 14:06:23', '2019-10-29 20:27:21'),
	(316, 'Masculino', 370, 9, '2008-06-12', 'Sucre', 'Madre Bernarda', 1, '2019-10-27 14:08:10', '2019-10-27 14:08:10'),
	(317, 'Masculino', 371, 9, '2007-01-04', 'Sucre', 'Madre Bernarda', 0, '2019-10-27 14:10:42', '2019-10-29 20:27:13'),
	(318, 'Femenino', 372, 9, '2007-03-14', 'Sucre', 'Madre Bernarda', 0, '2019-10-27 14:12:25', '2019-10-29 20:39:08'),
	(319, 'Masculino', 374, 9, '2005-06-04', 'Sucre', 'Madre Bernarda', 1, '2019-10-27 14:17:48', '2019-10-27 14:17:48'),
	(320, 'Masculino', 376, 9, '2008-10-11', 'Sucre', 'Madre Bernarda', 1, '2019-10-27 14:23:58', '2019-10-27 14:23:58'),
	(321, 'Masculino', 377, 9, '2008-02-26', 'Sucre', 'Madre Bernarda', 0, '2019-10-27 14:25:47', '2019-10-29 20:39:46'),
	(322, 'Masculino', 378, 9, '2005-05-29', 'Sucre', 'Madre Bernarda', 0, '2019-10-27 14:27:44', '2019-12-02 14:49:18'),
	(323, 'Masculino', 379, 9, '2005-08-21', 'Sucre', 'Madre Bernarda', 0, '2019-10-27 14:29:26', '2019-12-02 14:49:59'),
	(324, 'Masculino', 380, 9, '2006-04-22', 'Sucre', 'Madre Bernarda', 0, '2019-10-27 14:31:00', '2019-10-29 20:58:13'),
	(325, 'Femenino', 382, 9, '2006-11-11', 'Sucre', 'Madre Bernarda', 1, '2019-10-27 14:36:22', '2019-10-27 14:36:22'),
	(326, 'Masculino', 383, 9, '2008-05-16', 'Sucre', 'maria bernarda', 0, '2019-10-29 20:11:52', '2019-10-29 20:18:12'),
	(327, 'Femenino', 384, 9, '2007-10-19', 'Sucre', 'maria bernarda', 0, '2019-10-29 20:53:24', '2019-11-28 18:02:22'),
	(328, 'Masculino', 385, 9, '2007-04-02', 'Sucre', 'Madre Bernarda', 0, '2019-11-05 19:13:09', '2019-11-05 19:23:42'),
	(329, 'Femenino', 386, 9, '2013-05-13', 'Sucre', 'Sincelejo', 0, '2019-11-27 12:14:50', '2019-11-27 12:32:46'),
	(330, 'Femenino', 387, 1, '1999-06-29', 'Sucre', 'Troncal de occidente', 1, '2020-02-06 14:18:15', '2020-02-06 14:18:15'),
	(331, 'Masculino', 388, 1, '2011-02-08', 'Sucre', 'CECAR', 1, '2020-02-21 17:12:37', '2020-03-04 19:08:59'),
	(332, 'Masculino', 389, 1, '2013-02-12', 'Güainia', 'CECAR', 0, '2020-03-02 16:01:42', '2020-03-02 16:06:52'),
	(333, 'Femenino', 390, 1, '2022-04-26', 'Sucre', 'Sucre', 1, '2022-04-10 19:20:20', '2022-04-11 00:43:58');
/*!40000 ALTER TABLE `ninos` ENABLE KEYS */;

-- Volcando estructura para tabla noabs.preguntas
DROP TABLE IF EXISTS `preguntas`;
CREATE TABLE IF NOT EXISTS `preguntas` (
  `id` int(10) unsigned NOT NULL AUTO_INCREMENT,
  `pregunta` varchar(255) COLLATE utf8mb4_unicode_ci NOT NULL,
  `contexto` varchar(255) COLLATE utf8mb4_unicode_ci NOT NULL,
  `created_at` timestamp NULL DEFAULT NULL,
  `updated_at` timestamp NULL DEFAULT NULL,
  PRIMARY KEY (`id`)
) ENGINE=MyISAM AUTO_INCREMENT=18 DEFAULT CHARSET=utf8mb4 COLLATE=utf8mb4_unicode_ci;

-- Volcando datos para la tabla noabs.preguntas: 17 rows
DELETE FROM `preguntas`;
/*!40000 ALTER TABLE `preguntas` DISABLE KEYS */;
INSERT INTO `preguntas` (`id`, `pregunta`, `contexto`, `created_at`, `updated_at`) VALUES
	(13, '¿Cómo ya somos amigos me puedes mandar una foto o video tuyo al desnudo? ', 'Técnologico', NULL, NULL),
	(12, '¿Oye quieres que salgamos a pasear en mi auto? ', 'Social', NULL, NULL),
	(11, 'Hola mucho gusto, he visto tu perfil, podrías agregarme como tu amigo. ', 'Técnologico', NULL, NULL),
	(10, 'Ven conmigo, te voy a mostrar un lugar secreto del colegio. ', 'Escolar', NULL, NULL),
	(9, 'Ven te voy a enseñar y dar muchas cosas, si me tocas o yo toco todo tu cuerpo.', 'Escolar', NULL, NULL),
	(8, 'Oye acompáñame al baño, quiero enseñarte algo.', 'Escolar', NULL, NULL),
	(7, '¡Hey! ¿Tienes Facebook, Instagram, WhatsApp, u otra red social?', 'Técnologico', NULL, NULL),
	(6, '¿Hola, a dónde vas?, te invito a entrar a mi casa, tengo muchos dulces y videojuegos.', 'Social', NULL, NULL),
	(5, '¿Oye, no le digas a nadie el secreto que tenemos tu y yo?', 'Familiar', NULL, NULL),
	(4, '¿Al ingresar a estas páginas te agrada el contenido?', 'Técnologico', NULL, NULL),
	(3, '¿Quieres darle clic y navegar en estas páginas?', 'Técnologico', NULL, NULL),
	(2, '¿Oye te interesan las páginas con contenidos para adultos?', 'Técnologico', NULL, NULL),
	(1, '¿Cuándo estemos solos me dejas acariciarte y tocarte?', 'Familiar', NULL, NULL),
	(14, 'Ven, siéntate conmigo, vamos a pasarla bien entre los dos.', 'Social', NULL, NULL),
	(15, '¿Voy a verte mientras te bañas o te cambias de ropa?', 'Familiar', NULL, NULL);
/*!40000 ALTER TABLE `preguntas` ENABLE KEYS */;

-- Volcando estructura para tabla noabs.respuesta_ninos
DROP TABLE IF EXISTS `respuesta_ninos`;
CREATE TABLE IF NOT EXISTS `respuesta_ninos` (
  `id` int(10) unsigned NOT NULL AUTO_INCREMENT,
  `nino_id` int(10) unsigned NOT NULL,
  `fecha_realizacion` date NOT NULL,
  `r1` int(11) NOT NULL,
  `r2` int(11) NOT NULL,
  `r3` int(11) NOT NULL,
  `r4` int(11) NOT NULL,
  `r5` int(11) NOT NULL,
  `r6` int(11) NOT NULL,
  `r7` int(11) NOT NULL,
  `r8` int(11) NOT NULL,
  `r9` int(11) NOT NULL,
  `r10` int(11) NOT NULL,
  `r11` int(11) NOT NULL,
  `r12` int(11) NOT NULL,
  `r13` int(11) NOT NULL,
  `r14` int(11) NOT NULL,
  `r15` int(11) NOT NULL,
  `r16` int(11) DEFAULT NULL,
  `r17` int(11) DEFAULT NULL,
  `created_at` timestamp NULL DEFAULT NULL,
  `updated_at` timestamp NULL DEFAULT NULL,
  PRIMARY KEY (`id`),
  KEY `respuesta_ninos_nino_id_foreign` (`nino_id`),
  CONSTRAINT `respuesta_ninos_nino_id_foreign` FOREIGN KEY (`nino_id`) REFERENCES `ninos` (`id`)
) ENGINE=InnoDB AUTO_INCREMENT=318 DEFAULT CHARSET=utf8mb4 COLLATE=utf8mb4_unicode_ci;

-- Volcando datos para la tabla noabs.respuesta_ninos: ~297 rows (aproximadamente)
DELETE FROM `respuesta_ninos`;
/*!40000 ALTER TABLE `respuesta_ninos` DISABLE KEYS */;
INSERT INTO `respuesta_ninos` (`id`, `nino_id`, `fecha_realizacion`, `r1`, `r2`, `r3`, `r4`, `r5`, `r6`, `r7`, `r8`, `r9`, `r10`, `r11`, `r12`, `r13`, `r14`, `r15`, `r16`, `r17`, `created_at`, `updated_at`) VALUES
	(16, 1, '2018-10-25', 3, 1, 1, 1, 1, 1, 2, 1, 1, 3, 1, 3, 2, 1, 1, 2, 2, '2018-10-25 18:43:09', '2018-10-25 18:43:09'),
	(17, 6, '2018-11-01', 2, 1, 3, 2, 2, 2, 1, 1, 3, 1, 3, 1, 1, 1, 1, 2, 3, '2018-11-01 20:48:09', '2018-11-01 20:48:09'),
	(18, 1, '2018-11-02', 2, 3, 2, 1, 3, 2, 3, 1, 1, 3, 1, 1, 2, 2, 1, 3, 3, '2018-11-02 13:12:57', '2018-11-02 13:12:57'),
	(19, 7, '2018-11-06', 1, 1, 3, 3, 3, 3, 1, 2, 1, 2, 3, 3, 3, 3, 2, 3, 2, '2018-11-06 15:59:37', '2018-11-06 15:59:37'),
	(20, 4, '2018-11-06', 2, 1, 3, 2, 3, 1, 1, 1, 3, 1, 2, 3, 1, 1, 3, 1, 2, '2018-11-06 21:03:32', '2018-11-06 21:03:32'),
	(21, 21, '2018-11-08', 3, 3, 3, 3, 1, 3, 3, 2, 3, 3, 3, 3, 3, 3, 3, 3, 3, '2018-11-08 14:32:47', '2018-11-08 14:32:47'),
	(22, 18, '2018-11-08', 3, 1, 3, 1, 2, 3, 3, 2, 3, 3, 3, 3, 3, 3, 3, 3, 3, '2018-11-08 14:38:41', '2018-11-08 14:38:41'),
	(23, 53, '2018-11-08', 2, 3, 2, 2, 3, 3, 3, 3, 3, 3, 3, 3, 3, 3, 3, 3, 3, '2018-11-08 14:41:33', '2018-11-08 14:41:33'),
	(24, 20, '2018-11-08', 2, 3, 2, 3, 1, 3, 3, 3, 3, 3, 3, 3, 3, 3, 3, 3, 3, '2018-11-08 14:47:21', '2018-11-08 14:47:21'),
	(25, 55, '2018-11-08', 2, 3, 1, 3, 3, 3, 3, 3, 3, 3, 3, 3, 3, 3, 3, 3, 3, '2018-11-08 14:50:33', '2018-11-08 14:50:33'),
	(26, 19, '2018-11-08', 3, 3, 2, 2, 3, 3, 3, 3, 3, 3, 3, 3, 3, 3, 3, 3, 3, '2018-11-08 14:52:54', '2018-11-08 14:52:54'),
	(27, 52, '2018-11-08', 2, 3, 3, 3, 3, 3, 3, 3, 3, 3, 3, 3, 3, 3, 3, 3, 3, '2018-11-08 14:57:32', '2018-11-08 14:57:32'),
	(28, 17, '2018-11-08', 2, 3, 3, 3, 3, 3, 3, 3, 3, 3, 3, 3, 3, 3, 3, 3, 3, '2018-11-08 14:59:21', '2018-11-08 14:59:21'),
	(29, 50, '2018-11-08', 1, 3, 2, 3, 1, 3, 3, 3, 3, 3, 3, 3, 3, 3, 3, 3, 3, '2018-11-08 15:06:52', '2018-11-08 15:06:52'),
	(30, 16, '2018-11-08', 3, 1, 1, 3, 3, 3, 3, 3, 3, 3, 3, 3, 3, 3, 3, 3, 3, '2018-11-08 15:10:21', '2018-11-08 15:10:21'),
	(31, 54, '2018-11-08', 2, 3, 3, 3, 3, 3, 3, 3, 3, 3, 3, 3, 3, 3, 3, 3, 3, '2018-11-08 15:16:50', '2018-11-08 15:16:50'),
	(32, 49, '2018-11-08', 3, 3, 3, 3, 3, 3, 3, 3, 3, 3, 3, 3, 3, 3, 3, 3, 3, '2018-11-08 15:20:36', '2018-11-08 15:20:36'),
	(33, 56, '2018-11-08', 3, 3, 3, 2, 3, 1, 2, 1, 3, 3, 3, 3, 3, 3, 3, 3, 3, '2018-11-08 15:27:47', '2018-11-08 15:27:47'),
	(34, 51, '2018-11-08', 3, 3, 3, 3, 3, 3, 3, 3, 3, 3, 3, 3, 3, 3, 3, 3, 3, '2018-11-08 15:28:16', '2018-11-08 15:28:16'),
	(35, 33, '2018-11-08', 1, 1, 1, 1, 2, 3, 3, 3, 3, 3, 3, 3, 3, 3, 3, 3, 3, '2018-11-08 16:00:26', '2018-11-08 16:00:26'),
	(36, 34, '2018-11-08', 3, 2, 3, 2, 1, 3, 3, 2, 3, 3, 3, 3, 3, 3, 3, 3, 3, '2018-11-08 16:05:03', '2018-11-08 16:05:03'),
	(37, 22, '2018-11-08', 3, 3, 3, 3, 3, 3, 3, 3, 3, 3, 3, 3, 3, 3, 3, 3, 3, '2018-11-08 16:06:22', '2018-11-08 16:06:22'),
	(38, 36, '2018-11-08', 3, 3, 3, 3, 3, 3, 3, 3, 3, 3, 3, 3, 3, 3, 3, 3, 3, '2018-11-08 16:06:29', '2018-11-08 16:06:29'),
	(39, 70, '2018-11-08', 3, 1, 2, 2, 3, 3, 3, 3, 3, 3, 3, 3, 3, 3, 3, 3, 3, '2018-11-08 16:06:46', '2018-11-08 16:06:46'),
	(40, 25, '2018-11-08', 2, 3, 2, 3, 3, 3, 3, 3, 3, 3, 3, 3, 3, 3, 3, 3, 3, '2018-11-08 16:14:37', '2018-11-08 16:14:37'),
	(41, 23, '2018-11-08', 3, 3, 3, 3, 3, 3, 3, 3, 3, 3, 3, 3, 2, 3, 3, 3, 3, '2018-11-08 16:17:58', '2018-11-08 16:17:58'),
	(42, 31, '2018-11-08', 1, 3, 3, 3, 1, 3, 3, 3, 3, 3, 3, 3, 3, 3, 3, 3, 3, '2018-11-08 16:22:21', '2018-11-08 16:22:21'),
	(43, 30, '2018-11-08', 2, 3, 3, 3, 1, 3, 3, 2, 3, 3, 3, 3, 3, 3, 3, 3, 3, '2018-11-08 16:23:11', '2018-11-08 16:23:11'),
	(44, 26, '2018-11-08', 2, 3, 3, 3, 3, 3, 3, 2, 3, 3, 3, 3, 3, 3, 3, 3, 3, '2018-11-08 16:26:15', '2018-11-08 16:26:15'),
	(45, 28, '2018-11-08', 3, 3, 3, 3, 3, 3, 3, 3, 3, 3, 3, 3, 3, 3, 3, 3, 3, '2018-11-08 16:30:54', '2018-11-08 16:30:54'),
	(46, 29, '2018-11-08', 3, 3, 3, 3, 3, 3, 3, 3, 3, 3, 3, 3, 3, 3, 3, 3, 3, '2018-11-08 16:31:38', '2018-11-08 16:31:38'),
	(47, 37, '2018-11-08', 3, 3, 3, 3, 3, 3, 3, 3, 3, 3, 3, 3, 3, 3, 3, 3, 3, '2018-11-08 16:35:05', '2018-11-08 16:35:05'),
	(48, 69, '2018-11-08', 3, 3, 3, 3, 3, 3, 3, 3, 3, 3, 3, 3, 3, 3, 3, 3, 3, '2018-11-08 16:36:22', '2018-11-08 16:36:22'),
	(49, 58, '2018-11-08', 3, 3, 3, 3, 3, 3, 3, 3, 3, 3, 3, 3, 3, 3, 3, 3, 3, '2018-11-08 16:36:46', '2018-11-08 16:36:46'),
	(50, 32, '2018-11-08', 3, 3, 3, 3, 3, 3, 3, 3, 3, 3, 3, 3, 3, 3, 3, 3, 3, '2018-11-08 16:41:03', '2018-11-08 16:41:03'),
	(51, 59, '2018-11-08', 3, 3, 3, 3, 3, 3, 3, 3, 3, 3, 3, 3, 3, 3, 3, 3, 3, '2018-11-08 16:41:42', '2018-11-08 16:41:42'),
	(52, 27, '2018-11-08', 3, 3, 3, 3, 3, 3, 2, 3, 3, 3, 3, 3, 3, 3, 3, 3, 3, '2018-11-08 16:43:37', '2018-11-08 16:43:37'),
	(53, 60, '2018-11-08', 1, 3, 3, 3, 3, 3, 3, 3, 3, 3, 3, 3, 3, 3, 3, 3, 3, '2018-11-08 16:44:47', '2018-11-08 16:44:47'),
	(54, 43, '2018-11-08', 3, 1, 3, 3, 3, 3, 3, 3, 3, 3, 3, 3, 3, 3, 3, 3, 3, '2018-11-08 16:59:06', '2018-11-08 16:59:06'),
	(55, 42, '2018-11-08', 3, 3, 3, 3, 3, 3, 3, 3, 3, 3, 3, 3, 3, 3, 3, 3, 3, '2018-11-08 17:00:16', '2018-11-08 17:00:16'),
	(56, 65, '2018-11-08', 2, 3, 2, 1, 1, 3, 3, 3, 3, 3, 3, 3, 3, 3, 3, 3, 3, '2018-11-08 17:01:47', '2018-11-08 17:01:47'),
	(57, 9, '2018-11-08', 3, 3, 3, 3, 3, 2, 3, 3, 3, 3, 3, 3, 3, 3, 3, 3, 3, '2018-11-08 17:01:49', '2018-11-08 17:01:49'),
	(58, 8, '2018-11-08', 3, 3, 3, 3, 3, 3, 3, 3, 3, 3, 3, 3, 3, 3, 3, 3, 3, '2018-11-08 17:02:16', '2018-11-08 17:02:16'),
	(59, 10, '2018-11-08', 3, 3, 3, 3, 3, 3, 3, 3, 3, 3, 3, 3, 3, 3, 3, 3, 3, '2018-11-08 17:07:27', '2018-11-08 17:07:27'),
	(60, 40, '2018-11-08', 3, 3, 3, 3, 3, 3, 3, 3, 3, 3, 3, 3, 3, 3, 3, 3, 3, '2018-11-08 17:10:47', '2018-11-08 17:10:47'),
	(61, 46, '2018-11-08', 3, 3, 3, 3, 3, 3, 3, 3, 3, 3, 3, 3, 3, 3, 3, 3, 3, '2018-11-08 17:11:07', '2018-11-08 17:11:07'),
	(62, 11, '2018-11-08', 3, 3, 3, 3, 3, 3, 3, 3, 3, 3, 3, 3, 3, 3, 3, 3, 3, '2018-11-08 17:12:01', '2018-11-08 17:12:01'),
	(63, 15, '2018-11-08', 3, 3, 3, 3, 3, 3, 3, 3, 3, 3, 3, 3, 3, 3, 3, 3, 3, '2018-11-08 17:12:09', '2018-11-08 17:12:09'),
	(64, 45, '2018-11-08', 3, 3, 3, 3, 3, 3, 3, 3, 3, 3, 3, 3, 2, 3, 3, 3, 3, '2018-11-08 17:17:47', '2018-11-08 17:17:47'),
	(65, 61, '2018-11-08', 3, 3, 3, 3, 3, 2, 3, 3, 3, 3, 3, 3, 3, 3, 3, 3, 3, '2018-11-08 17:19:37', '2018-11-08 17:19:37'),
	(66, 68, '2018-11-08', 3, 3, 3, 3, 3, 3, 3, 3, 3, 3, 3, 3, 3, 3, 3, 3, 3, '2018-11-08 17:20:44', '2018-11-08 17:20:44'),
	(67, 38, '2018-11-08', 3, 3, 3, 3, 3, 3, 3, 3, 3, 3, 3, 3, 3, 2, 3, 3, 3, '2018-11-08 17:22:37', '2018-11-08 17:22:37'),
	(68, 14, '2018-11-08', 2, 3, 3, 3, 3, 3, 3, 3, 3, 3, 3, 3, 3, 3, 3, 3, 3, '2018-11-08 17:23:35', '2018-11-08 17:23:35'),
	(69, 1, '2018-12-07', 1, 2, 1, 2, 2, 3, 1, 1, 1, 1, 1, 2, 2, 1, 1, 2, 2, '2018-12-07 21:02:02', '2018-12-07 21:02:02'),
	(70, 71, '2018-12-07', 1, 2, 3, 1, 2, 3, 1, 2, 3, 1, 2, 1, 2, 3, 1, 2, 3, '2018-12-07 21:07:03', '2018-12-07 21:07:03'),
	(71, 1, '2019-01-23', 3, 2, 2, 2, 3, 2, 1, 1, 3, 3, 1, 1, 2, 1, 1, 2, 3, '2019-01-23 15:24:04', '2019-01-23 15:24:04'),
	(72, 72, '2019-07-03', 3, 2, 1, 2, 1, 3, 1, 2, 1, 1, 2, 1, 3, 3, 1, 2, 1, '2019-07-03 19:42:40', '2019-07-03 19:42:40'),
	(73, 73, '2019-10-15', 1, 3, 3, 1, 2, 1, 3, 2, 1, 3, 1, 2, 1, 1, 1, 3, 2, '2019-10-15 21:20:54', '2019-10-15 21:20:54'),
	(74, 86, '2019-10-21', 3, 3, 3, 3, 3, 1, 3, 3, 3, 3, 3, 3, 3, 3, 3, 3, 3, '2019-10-21 16:27:17', '2019-10-21 16:27:17'),
	(75, 98, '2019-10-21', 1, 3, 3, 1, 2, 1, 2, 2, 3, 3, 3, 3, 3, 3, 3, 3, 3, '2019-10-21 16:29:48', '2019-10-21 16:29:48'),
	(76, 102, '2019-10-21', 3, 1, 1, 1, 2, 3, 3, 3, 3, 3, 3, 1, 1, 2, 3, 3, 3, '2019-10-21 16:39:37', '2019-10-21 16:39:37'),
	(77, 100, '2019-10-21', 3, 2, 3, 3, 3, 3, 3, 3, 3, 3, 3, 3, 3, 3, 3, 2, 3, '2019-10-21 16:42:19', '2019-10-21 16:42:19'),
	(78, 95, '2019-10-21', 3, 3, 3, 1, 3, 3, 3, 3, 3, 3, 3, 3, 3, 3, 3, 3, 3, '2019-10-21 16:50:05', '2019-10-21 16:50:05'),
	(79, 94, '2019-10-21', 2, 1, 1, 1, 3, 2, 1, 2, 3, 3, 3, 3, 2, 3, 3, 3, 3, '2019-10-21 16:54:05', '2019-10-21 16:54:05'),
	(80, 99, '2019-10-21', 2, 1, 1, 3, 2, 3, 1, 2, 1, 3, 1, 3, 3, 3, 3, 3, 3, '2019-10-21 17:00:39', '2019-10-21 17:00:39'),
	(81, 82, '2019-10-21', 3, 1, 3, 3, 3, 2, 3, 1, 2, 1, 2, 1, 3, 1, 1, 1, 3, '2019-10-21 17:03:28', '2019-10-21 17:03:28'),
	(82, 85, '2019-10-21', 3, 3, 2, 2, 2, 1, 3, 2, 2, 3, 3, 3, 3, 2, 3, 2, 3, '2019-10-21 17:09:44', '2019-10-21 17:09:44'),
	(83, 104, '2019-10-21', 2, 1, 3, 1, 1, 3, 3, 2, 3, 3, 3, 3, 3, 3, 3, 3, 3, '2019-10-21 17:13:13', '2019-10-21 17:13:13'),
	(84, 84, '2019-10-21', 3, 3, 3, 3, 1, 3, 3, 3, 3, 3, 3, 3, 3, 3, 3, 3, 3, '2019-10-21 17:18:38', '2019-10-21 17:18:38'),
	(85, 78, '2019-10-21', 1, 1, 1, 1, 1, 2, 1, 1, 3, 3, 1, 3, 2, 1, 3, 1, 3, '2019-10-21 17:22:14', '2019-10-21 17:22:14'),
	(86, 91, '2019-10-21', 1, 1, 1, 1, 2, 1, 1, 2, 3, 3, 3, 2, 3, 3, 3, 2, 3, '2019-10-21 17:28:24', '2019-10-21 17:28:24'),
	(87, 93, '2019-10-21', 3, 2, 3, 3, 2, 1, 3, 2, 2, 3, 3, 3, 3, 3, 3, 3, 3, '2019-10-21 17:30:14', '2019-10-21 17:30:14'),
	(88, 77, '2019-10-21', 1, 3, 2, 3, 2, 3, 1, 2, 3, 3, 2, 3, 3, 2, 2, 3, 3, '2019-10-21 17:37:04', '2019-10-21 17:37:04'),
	(89, 89, '2019-10-21', 1, 1, 1, 1, 1, 2, 1, 2, 1, 3, 3, 1, 1, 3, 1, 3, 3, '2019-10-21 17:38:52', '2019-10-21 17:38:52'),
	(90, 79, '2019-10-21', 1, 1, 1, 1, 2, 2, 3, 3, 3, 3, 3, 3, 3, 3, 3, 3, 3, '2019-10-21 17:44:50', '2019-10-21 17:44:50'),
	(91, 88, '2019-10-21', 3, 3, 3, 3, 3, 3, 3, 3, 3, 3, 3, 3, 3, 2, 3, 3, 3, '2019-10-21 17:47:01', '2019-10-21 17:47:01'),
	(92, 83, '2019-10-21', 3, 2, 3, 3, 2, 1, 2, 2, 3, 3, 3, 3, 3, 3, 3, 3, 3, '2019-10-21 17:51:40', '2019-10-21 17:51:40'),
	(93, 273, '2019-10-29', 1, 3, 3, 1, 3, 2, 2, 2, 1, 2, 2, 2, 2, 2, 1, 3, 2, '2019-10-29 13:42:12', '2019-10-29 13:42:12'),
	(94, 267, '2019-10-29', 2, 2, 3, 2, 1, 2, 1, 1, 1, 1, 1, 1, 1, 2, 1, 1, 2, '2019-10-29 13:44:47', '2019-10-29 13:44:47'),
	(95, 260, '2019-10-29', 3, 1, 3, 1, 1, 2, 1, 2, 1, 3, 1, 1, 1, 1, 1, 1, 1, '2019-10-29 13:45:31', '2019-10-29 13:45:31'),
	(96, 271, '2019-10-29', 1, 2, 1, 3, 2, 3, 2, 2, 3, 2, 2, 2, 3, 1, 1, 1, 1, '2019-10-29 13:56:22', '2019-10-29 13:56:22'),
	(97, 263, '2019-10-29', 3, 3, 3, 3, 2, 3, 3, 2, 2, 2, 2, 3, 3, 1, 3, 3, 3, '2019-10-29 14:10:28', '2019-10-29 14:10:28'),
	(98, 272, '2019-10-29', 1, 3, 3, 1, 2, 2, 3, 2, 2, 2, 2, 3, 3, 1, 2, 2, 2, '2019-10-29 14:24:48', '2019-10-29 14:24:48'),
	(99, 275, '2019-10-29', 1, 1, 1, 2, 3, 3, 2, 3, 2, 1, 2, 1, 1, 1, 1, 2, 2, '2019-10-29 14:32:19', '2019-10-29 14:32:19'),
	(100, 274, '2019-10-29', 1, 3, 3, 1, 3, 3, 1, 2, 1, 3, 3, 3, 3, 1, 1, 2, 3, '2019-10-29 14:34:40', '2019-10-29 14:34:40'),
	(101, 278, '2019-10-29', 2, 3, 2, 2, 1, 2, 3, 3, 1, 3, 1, 1, 3, 1, 1, 1, 2, '2019-10-29 14:52:55', '2019-10-29 14:52:55'),
	(102, 277, '2019-10-29', 3, 3, 2, 2, 2, 2, 1, 2, 2, 3, 2, 3, 3, 3, 3, 1, 3, '2019-10-29 14:57:04', '2019-10-29 14:57:04'),
	(103, 281, '2019-10-29', 3, 1, 1, 3, 1, 2, 1, 2, 1, 3, 1, 1, 3, 1, 3, 1, 3, '2019-10-29 15:05:47', '2019-10-29 15:05:47'),
	(104, 291, '2019-10-29', 1, 3, 3, 2, 1, 3, 2, 1, 2, 3, 3, 1, 2, 3, 2, 1, 3, '2019-10-29 15:16:29', '2019-10-29 15:16:29'),
	(105, 290, '2019-10-29', 3, 2, 2, 1, 2, 1, 2, 2, 2, 2, 2, 3, 2, 2, 2, 2, 2, '2019-10-29 15:31:56', '2019-10-29 15:31:56'),
	(106, 293, '2019-10-29', 3, 1, 1, 1, 2, 3, 3, 1, 1, 1, 1, 1, 1, 1, 1, 1, 1, '2019-10-29 15:33:53', '2019-10-29 15:33:53'),
	(107, 294, '2019-10-29', 3, 3, 3, 3, 3, 3, 3, 3, 3, 3, 3, 3, 3, 3, 3, 3, 3, '2019-10-29 15:39:12', '2019-10-29 15:39:12'),
	(108, 297, '2019-10-29', 3, 1, 2, 1, 1, 3, 3, 3, 3, 3, 3, 3, 2, 3, 3, 3, 3, '2019-10-29 15:45:12', '2019-10-29 15:45:12'),
	(109, 302, '2019-10-29', 2, 1, 1, 1, 2, 3, 3, 3, 3, 3, 3, 3, 3, 3, 3, 3, 3, '2019-10-29 15:52:41', '2019-10-29 15:52:41'),
	(110, 303, '2019-10-29', 3, 3, 3, 1, 2, 3, 3, 3, 3, 3, 3, 3, 3, 3, 3, 1, 3, '2019-10-29 15:53:30', '2019-10-29 15:53:30'),
	(111, 298, '2019-10-29', 3, 2, 3, 1, 3, 3, 3, 2, 3, 3, 3, 3, 3, 3, 1, 3, 3, '2019-10-29 15:57:14', '2019-10-29 15:57:14'),
	(112, 306, '2019-10-29', 3, 1, 1, 1, 2, 3, 1, 3, 3, 3, 3, 3, 3, 3, 3, 3, 3, '2019-10-29 15:57:20', '2019-10-29 15:57:20'),
	(113, 304, '2019-10-29', 3, 3, 1, 3, 2, 3, 3, 3, 3, 3, 3, 3, 3, 3, 3, 3, 3, '2019-10-29 16:06:11', '2019-10-29 16:06:11'),
	(114, 305, '2019-10-29', 3, 3, 2, 2, 3, 3, 3, 2, 3, 3, 3, 3, 3, 2, 3, 2, 3, '2019-10-29 16:06:40', '2019-10-29 16:06:40'),
	(115, 307, '2019-10-29', 2, 1, 1, 1, 1, 2, 3, 3, 3, 3, 2, 1, 3, 3, 3, 3, 3, '2019-10-29 16:18:32', '2019-10-29 16:18:32'),
	(116, 238, '2019-10-29', 3, 3, 3, 3, 3, 1, 3, 2, 2, 3, 3, 3, 3, 2, 2, 3, 3, '2019-10-29 16:21:34', '2019-10-29 16:21:34'),
	(117, 233, '2019-10-29', 2, 1, 1, 1, 1, 2, 1, 2, 3, 2, 1, 1, 1, 1, 1, 1, 1, '2019-10-29 16:22:38', '2019-10-29 16:22:38'),
	(118, 232, '2019-10-29', 3, 3, 2, 3, 3, 3, 1, 1, 3, 3, 3, 3, 3, 3, 1, 2, 3, '2019-10-29 16:23:53', '2019-10-29 16:23:53'),
	(119, 234, '2019-10-29', 3, 3, 3, 3, 3, 3, 3, 3, 3, 3, 3, 3, 3, 3, 3, 3, 3, '2019-10-29 16:32:50', '2019-10-29 16:32:50'),
	(120, 241, '2019-10-29', 3, 2, 3, 1, 3, 3, 3, 2, 3, 3, 3, 3, 3, 3, 3, 3, 1, '2019-10-29 16:34:56', '2019-10-29 16:34:56'),
	(121, 80, '2019-10-29', 3, 1, 2, 1, 1, 2, 3, 2, 3, 3, 3, 3, 3, 3, 3, 1, 3, '2019-10-29 17:05:23', '2019-10-29 17:05:23'),
	(122, 81, '2019-10-29', 3, 3, 3, 3, 3, 2, 3, 3, 3, 3, 3, 3, 3, 3, 3, 3, 3, '2019-10-29 17:05:41', '2019-10-29 17:05:41'),
	(123, 87, '2019-10-29', 2, 2, 1, 1, 2, 2, 1, 3, 3, 3, 3, 3, 3, 2, 3, 3, 3, '2019-10-29 17:19:25', '2019-10-29 17:19:25'),
	(124, 90, '2019-10-29', 2, 3, 2, 1, 2, 3, 3, 2, 1, 1, 1, 2, 3, 3, 1, 3, 3, '2019-10-29 17:30:51', '2019-10-29 17:30:51'),
	(125, 96, '2019-10-29', 3, 3, 3, 3, 3, 1, 3, 3, 3, 3, 2, 3, 3, 3, 3, 2, 3, '2019-10-29 17:33:55', '2019-10-29 17:33:55'),
	(126, 103, '2019-10-29', 3, 3, 1, 1, 3, 3, 3, 3, 3, 3, 3, 3, 3, 3, 3, 3, 3, '2019-10-29 17:38:36', '2019-10-29 17:38:36'),
	(127, 101, '2019-10-29', 3, 1, 1, 1, 2, 2, 1, 1, 2, 2, 1, 2, 2, 2, 2, 1, 3, '2019-10-29 17:42:10', '2019-10-29 17:42:10'),
	(128, 143, '2019-10-29', 3, 2, 3, 3, 3, 2, 3, 3, 3, 3, 3, 3, 2, 3, 3, 3, 3, '2019-10-29 18:30:36', '2019-10-29 18:30:36'),
	(129, 148, '2019-10-29', 3, 1, 3, 3, 2, 1, 3, 3, 3, 3, 3, 3, 3, 3, 3, 3, 3, '2019-10-29 18:34:04', '2019-10-29 18:34:04'),
	(130, 243, '2019-10-29', 1, 1, 1, 2, 2, 3, 3, 2, 3, 3, 2, 3, 3, 2, 3, 3, 3, '2019-10-29 18:34:15', '2019-10-29 18:34:15'),
	(131, 242, '2019-10-29', 2, 3, 3, 3, 3, 3, 3, 2, 3, 3, 3, 3, 3, 2, 3, 3, 3, '2019-10-29 18:36:07', '2019-10-29 18:36:07'),
	(132, 150, '2019-10-29', 1, 3, 3, 2, 3, 3, 3, 3, 3, 2, 3, 3, 3, 3, 3, 3, 3, '2019-10-29 18:42:08', '2019-10-29 18:42:08'),
	(133, 244, '2019-10-29', 1, 2, 3, 3, 3, 3, 3, 3, 3, 3, 3, 3, 3, 3, 3, 3, 3, '2019-10-29 18:44:34', '2019-10-29 18:44:34'),
	(134, 154, '2019-10-29', 3, 3, 2, 3, 3, 3, 3, 3, 3, 3, 3, 3, 3, 3, 3, 3, 3, '2019-10-29 18:45:15', '2019-10-29 18:45:15'),
	(135, 245, '2019-10-29', 3, 3, 3, 3, 3, 3, 3, 3, 3, 3, 3, 3, 3, 3, 3, 3, 3, '2019-10-29 18:48:24', '2019-10-29 18:48:24'),
	(136, 158, '2019-10-29', 3, 2, 1, 2, 1, 3, 3, 2, 3, 3, 3, 3, 3, 3, 3, 3, 3, '2019-10-29 18:53:31', '2019-10-29 18:53:31'),
	(137, 250, '2019-10-29', 3, 3, 2, 3, 1, 3, 3, 3, 3, 3, 1, 3, 3, 3, 3, 3, 3, '2019-10-29 18:55:50', '2019-10-29 18:55:50'),
	(138, 249, '2019-10-29', 3, 3, 2, 1, 2, 2, 1, 2, 3, 2, 3, 3, 3, 3, 3, 3, 3, '2019-10-29 18:56:22', '2019-10-29 18:56:22'),
	(139, 161, '2019-10-29', 1, 2, 1, 2, 2, 3, 1, 2, 2, 3, 3, 3, 3, 3, 3, 3, 3, '2019-10-29 18:57:23', '2019-10-29 18:57:23'),
	(140, 251, '2019-10-29', 3, 3, 3, 3, 3, 3, 3, 3, 3, 3, 3, 3, 3, 3, 3, 3, 3, '2019-10-29 19:04:29', '2019-10-29 19:04:29'),
	(141, 252, '2019-10-29', 3, 3, 3, 3, 3, 3, 3, 3, 3, 3, 3, 3, 3, 3, 3, 3, 3, '2019-10-29 19:04:35', '2019-10-29 19:04:35'),
	(142, 165, '2019-10-29', 3, 3, 3, 3, 1, 1, 2, 2, 3, 3, 3, 3, 3, 3, 3, 3, 3, '2019-10-29 19:05:11', '2019-10-29 19:05:11'),
	(143, 169, '2019-10-29', 3, 3, 3, 3, 3, 3, 3, 3, 3, 3, 3, 3, 3, 3, 3, 3, 3, '2019-10-29 19:06:48', '2019-10-29 19:06:48'),
	(144, 254, '2019-10-29', 3, 3, 3, 3, 3, 3, 3, 3, 3, 3, 3, 3, 3, 3, 3, 3, 3, '2019-10-29 19:12:56', '2019-10-29 19:12:56'),
	(145, 255, '2019-10-29', 3, 3, 3, 3, 3, 3, 3, 3, 3, 3, 3, 3, 3, 3, 3, 3, 3, '2019-10-29 19:14:35', '2019-10-29 19:14:35'),
	(146, 171, '2019-10-29', 3, 3, 3, 3, 3, 3, 2, 3, 3, 3, 3, 3, 3, 3, 3, 3, 3, '2019-10-29 19:15:39', '2019-10-29 19:15:39'),
	(147, 174, '2019-10-29', 3, 3, 3, 3, 3, 3, 3, 3, 3, 3, 3, 3, 3, 3, 3, 3, 3, '2019-10-29 19:16:35', '2019-10-29 19:16:35'),
	(148, 256, '2019-10-29', 3, 3, 3, 3, 3, 3, 3, 3, 3, 3, 3, 3, 3, 3, 3, 3, 3, '2019-10-29 19:22:10', '2019-10-29 19:22:10'),
	(149, 257, '2019-10-29', 2, 1, 2, 1, 1, 3, 3, 2, 2, 3, 3, 3, 3, 3, 2, 3, 3, '2019-10-29 19:22:44', '2019-10-29 19:22:44'),
	(150, 177, '2019-10-29', 1, 3, 3, 3, 3, 3, 3, 3, 3, 3, 3, 3, 3, 3, 3, 3, 3, '2019-10-29 19:27:08', '2019-10-29 19:27:08'),
	(151, 180, '2019-10-29', 1, 3, 2, 3, 2, 3, 3, 3, 3, 3, 3, 3, 3, 3, 3, 3, 3, '2019-10-29 19:28:01', '2019-10-29 19:28:01'),
	(152, 258, '2019-10-29', 3, 3, 3, 3, 3, 3, 3, 3, 3, 3, 3, 3, 3, 3, 3, 3, 3, '2019-10-29 19:30:40', '2019-10-29 19:30:40'),
	(153, 253, '2019-10-29', 3, 2, 2, 3, 2, 1, 3, 3, 2, 3, 3, 3, 3, 2, 3, 3, 3, '2019-10-29 19:31:04', '2019-10-29 19:31:04'),
	(154, 185, '2019-10-29', 3, 3, 3, 3, 3, 3, 3, 3, 3, 3, 3, 3, 3, 3, 3, 3, 3, '2019-10-29 19:36:16', '2019-10-29 19:36:16'),
	(155, 190, '2019-10-29', 1, 3, 3, 3, 3, 3, 3, 3, 3, 3, 3, 3, 3, 3, 3, 3, 3, '2019-10-29 19:38:15', '2019-10-29 19:38:15'),
	(156, 265, '2019-10-29', 3, 3, 2, 3, 3, 3, 3, 3, 3, 3, 3, 3, 3, 3, 3, 3, 3, '2019-10-29 19:40:26', '2019-10-29 19:40:26'),
	(157, 266, '2019-10-29', 3, 3, 3, 3, 3, 3, 3, 3, 3, 3, 3, 3, 3, 3, 1, 3, 3, '2019-10-29 19:40:42', '2019-10-29 19:40:42'),
	(158, 194, '2019-10-29', 1, 3, 3, 3, 2, 3, 3, 3, 3, 3, 3, 3, 1, 3, 3, 3, 3, '2019-10-29 19:45:28', '2019-10-29 19:45:28'),
	(159, 192, '2019-10-29', 3, 3, 3, 3, 1, 3, 3, 2, 1, 3, 3, 3, 3, 3, 3, 3, 3, '2019-10-29 19:46:53', '2019-10-29 19:46:53'),
	(160, 261, '2019-10-29', 3, 3, 3, 3, 3, 3, 3, 3, 3, 3, 3, 3, 3, 3, 3, 3, 3, '2019-10-29 19:49:04', '2019-10-29 19:49:04'),
	(161, 270, '2019-10-29', 3, 3, 3, 3, 3, 3, 3, 3, 3, 3, 3, 3, 3, 3, 3, 3, 3, '2019-10-29 19:54:45', '2019-10-29 19:54:45'),
	(162, 197, '2019-10-29', 2, 3, 3, 1, 3, 3, 3, 3, 3, 3, 3, 2, 3, 3, 3, 3, 3, '2019-10-29 19:54:59', '2019-10-29 19:54:59'),
	(163, 201, '2019-10-29', 1, 3, 2, 3, 2, 3, 3, 3, 3, 3, 3, 3, 3, 3, 3, 3, 3, '2019-10-29 19:57:21', '2019-10-29 19:57:21'),
	(164, 309, '2019-10-29', 3, 3, 3, 3, 2, 3, 3, 3, 3, 3, 3, 3, 3, 3, 3, 3, 3, '2019-10-29 19:59:03', '2019-10-29 19:59:03'),
	(165, 310, '2019-10-29', 2, 3, 2, 3, 3, 2, 3, 3, 3, 3, 3, 3, 3, 3, 2, 3, 3, '2019-10-29 20:03:53', '2019-10-29 20:03:53'),
	(166, 205, '2019-10-29', 3, 3, 3, 1, 2, 3, 3, 3, 3, 3, 3, 3, 3, 3, 3, 3, 3, '2019-10-29 20:04:29', '2019-10-29 20:04:29'),
	(167, 209, '2019-10-29', 3, 3, 3, 3, 3, 3, 3, 3, 3, 3, 3, 3, 3, 3, 3, 3, 3, '2019-10-29 20:08:11', '2019-10-29 20:08:11'),
	(168, 312, '2019-10-29', 3, 3, 3, 3, 2, 3, 3, 2, 3, 3, 3, 3, 3, 3, 3, 3, 3, '2019-10-29 20:10:36', '2019-10-29 20:10:36'),
	(169, 311, '2019-10-29', 3, 3, 3, 3, 3, 3, 3, 2, 2, 3, 3, 3, 3, 3, 3, 3, 3, '2019-10-29 20:10:56', '2019-10-29 20:10:56'),
	(170, 215, '2019-10-29', 3, 3, 3, 3, 3, 3, 3, 3, 3, 3, 3, 3, 3, 3, 3, 3, 3, '2019-10-29 20:14:15', '2019-10-29 20:14:15'),
	(171, 326, '2019-10-29', 3, 3, 3, 3, 3, 3, 3, 3, 3, 3, 3, 3, 3, 3, 3, 3, 3, '2019-10-29 20:18:12', '2019-10-29 20:18:12'),
	(172, 313, '2019-10-29', 3, 1, 3, 3, 2, 3, 3, 1, 3, 3, 3, 3, 3, 3, 3, 3, 3, '2019-10-29 20:18:50', '2019-10-29 20:18:50'),
	(173, 314, '2019-10-29', 1, 3, 2, 3, 3, 3, 3, 2, 3, 3, 2, 3, 3, 3, 3, 3, 3, '2019-10-29 20:19:40', '2019-10-29 20:19:40'),
	(174, 184, '2019-10-29', 3, 1, 3, 3, 3, 3, 3, 3, 3, 3, 3, 3, 3, 3, 3, 3, 3, '2019-10-29 20:25:48', '2019-10-29 20:25:48'),
	(175, 176, '2019-10-29', 3, 3, 3, 3, 3, 3, 3, 3, 3, 3, 2, 3, 3, 3, 3, 3, 3, '2019-10-29 20:26:33', '2019-10-29 20:26:33'),
	(176, 317, '2019-10-29', 2, 1, 1, 1, 2, 3, 3, 2, 3, 3, 3, 3, 3, 3, 3, 3, 3, '2019-10-29 20:27:13', '2019-10-29 20:27:13'),
	(177, 315, '2019-10-29', 3, 3, 3, 3, 3, 3, 3, 3, 3, 3, 3, 3, 3, 3, 3, 3, 3, '2019-10-29 20:27:21', '2019-10-29 20:27:21'),
	(178, 193, '2019-10-29', 3, 3, 3, 3, 1, 3, 3, 3, 3, 3, 3, 3, 3, 3, 3, 3, 3, '2019-10-29 20:35:20', '2019-10-29 20:35:20'),
	(179, 187, '2019-10-29', 3, 3, 3, 3, 3, 3, 3, 3, 3, 3, 3, 3, 3, 3, 3, 3, 3, '2019-10-29 20:37:37', '2019-10-29 20:37:37'),
	(180, 318, '2019-10-29', 2, 3, 3, 3, 2, 2, 3, 3, 3, 3, 3, 3, 3, 2, 3, 3, 3, '2019-10-29 20:39:08', '2019-10-29 20:39:08'),
	(181, 321, '2019-10-29', 3, 3, 1, 3, 2, 1, 3, 3, 1, 3, 3, 2, 2, 3, 3, 3, 3, '2019-10-29 20:39:46', '2019-10-29 20:39:46'),
	(182, 199, '2019-10-29', 3, 3, 3, 3, 1, 1, 2, 3, 3, 2, 3, 3, 3, 3, 3, 3, 3, '2019-10-29 20:44:36', '2019-10-29 20:44:36'),
	(183, 196, '2019-10-29', 3, 1, 1, 2, 3, 3, 3, 3, 3, 3, 3, 3, 3, 3, 3, 3, 3, '2019-10-29 20:46:11', '2019-10-29 20:46:11'),
	(184, 203, '2019-10-29', 3, 2, 2, 3, 2, 3, 3, 3, 3, 3, 3, 3, 3, 3, 3, 3, 3, '2019-10-29 20:50:33', '2019-10-29 20:50:33'),
	(185, 323, '2019-10-29', 2, 1, 1, 1, 1, 2, 1, 2, 2, 3, 1, 3, 3, 2, 2, 2, 3, '2019-10-29 20:51:07', '2019-10-29 20:51:07'),
	(186, 322, '2019-10-29', 3, 1, 1, 2, 3, 2, 3, 2, 3, 3, 3, 3, 3, 2, 3, 3, 3, '2019-10-29 20:52:23', '2019-10-29 20:52:23'),
	(187, 206, '2019-10-29', 3, 2, 2, 2, 2, 3, 3, 1, 1, 3, 1, 1, 1, 1, 3, 3, 3, '2019-10-29 20:54:01', '2019-10-29 20:54:01'),
	(188, 324, '2019-10-29', 3, 3, 2, 3, 3, 2, 3, 3, 3, 3, 3, 3, 3, 3, 3, 3, 3, '2019-10-29 20:58:13', '2019-10-29 20:58:13'),
	(189, 327, '2019-10-29', 2, 2, 2, 2, 3, 2, 3, 3, 3, 3, 3, 3, 3, 3, 3, 3, 3, '2019-10-29 21:00:18', '2019-10-29 21:00:18'),
	(190, 208, '2019-10-29', 1, 1, 3, 2, 2, 3, 3, 2, 3, 3, 3, 3, 3, 3, 3, 3, 3, '2019-10-29 21:03:56', '2019-10-29 21:03:56'),
	(191, 211, '2019-10-29', 1, 1, 3, 1, 3, 2, 3, 2, 3, 3, 3, 3, 3, 3, 3, 3, 3, '2019-10-29 21:08:58', '2019-10-29 21:08:58'),
	(192, 217, '2019-10-29', 3, 3, 3, 3, 3, 3, 3, 3, 3, 3, 3, 3, 3, 3, 3, 3, 3, '2019-10-29 21:12:55', '2019-10-29 21:12:55'),
	(193, 214, '2019-10-29', 2, 3, 2, 3, 2, 3, 3, 3, 3, 3, 3, 2, 3, 3, 3, 3, 3, '2019-10-29 21:15:19', '2019-10-29 21:15:19'),
	(194, 226, '2019-10-29', 1, 2, 2, 2, 2, 2, 3, 3, 3, 3, 3, 3, 3, 3, 3, 3, 3, '2019-10-29 21:23:05', '2019-10-29 21:23:05'),
	(195, 223, '2019-10-29', 3, 3, 3, 3, 3, 3, 3, 3, 3, 3, 3, 3, 3, 3, 3, 3, 3, '2019-10-29 21:23:27', '2019-10-29 21:23:27'),
	(196, 229, '2019-10-29', 3, 3, 3, 3, 3, 3, 3, 3, 3, 3, 3, 3, 3, 3, 3, 3, 3, '2019-10-29 21:31:27', '2019-10-29 21:31:27'),
	(197, 228, '2019-10-29', 2, 2, 2, 2, 3, 3, 3, 3, 3, 3, 3, 3, 3, 3, 3, 3, 3, '2019-10-29 21:31:44', '2019-10-29 21:31:44'),
	(198, 231, '2019-10-29', 3, 3, 3, 3, 3, 3, 3, 3, 3, 3, 3, 1, 3, 3, 3, 3, 3, '2019-10-29 21:39:36', '2019-10-29 21:39:36'),
	(199, 109, '2019-10-29', 3, 2, 2, 3, 3, 1, 3, 1, 3, 3, 3, 3, 3, 3, 1, 3, 3, '2019-10-29 21:48:35', '2019-10-29 21:48:35'),
	(200, 108, '2019-10-29', 3, 1, 1, 1, 3, 2, 2, 1, 3, 3, 3, 3, 3, 3, 3, 3, 3, '2019-10-29 21:49:45', '2019-10-29 21:49:45'),
	(201, 114, '2019-10-29', 3, 2, 3, 3, 3, 2, 3, 3, 1, 3, 1, 3, 3, 3, 3, 3, 2, '2019-10-29 21:55:54', '2019-10-29 21:55:54'),
	(202, 113, '2019-10-29', 3, 2, 2, 1, 1, 3, 1, 3, 3, 3, 3, 3, 3, 1, 3, 3, 3, '2019-10-29 21:59:49', '2019-10-29 21:59:49'),
	(203, 119, '2019-10-29', 3, 3, 3, 3, 3, 3, 3, 3, 3, 3, 3, 3, 3, 3, 3, 3, 3, '2019-10-29 22:06:23', '2019-10-29 22:06:23'),
	(204, 120, '2019-10-29', 3, 3, 3, 2, 3, 3, 3, 3, 3, 2, 1, 3, 2, 3, 1, 3, 3, '2019-10-29 22:12:36', '2019-10-29 22:12:36'),
	(205, 122, '2019-10-29', 1, 1, 1, 1, 1, 2, 3, 3, 3, 3, 1, 3, 3, 2, 3, 2, 3, '2019-10-29 22:16:35', '2019-10-29 22:16:35'),
	(206, 124, '2019-10-29', 3, 1, 1, 1, 3, 3, 1, 3, 1, 3, 1, 3, 3, 3, 1, 3, 3, '2019-10-29 22:19:04', '2019-10-29 22:19:04'),
	(207, 127, '2019-10-29', 1, 1, 1, 2, 3, 3, 2, 2, 1, 3, 1, 2, 2, 1, 1, 1, 2, '2019-10-29 22:23:58', '2019-10-29 22:23:58'),
	(208, 129, '2019-10-29', 3, 2, 3, 2, 1, 1, 3, 3, 3, 3, 3, 3, 3, 3, 3, 3, 3, '2019-10-29 22:24:43', '2019-10-29 22:24:43'),
	(209, 131, '2019-10-29', 1, 2, 2, 2, 1, 2, 3, 3, 2, 3, 1, 3, 3, 3, 3, 3, 3, '2019-10-29 22:27:20', '2019-10-29 22:27:20'),
	(210, 133, '2019-11-05', 3, 1, 3, 1, 1, 2, 1, 1, 2, 3, 2, 1, 1, 3, 2, 1, 3, '2019-11-05 19:13:39', '2019-11-05 19:13:39'),
	(211, 135, '2019-11-05', 3, 2, 2, 3, 3, 3, 3, 3, 3, 3, 3, 3, 3, 3, 3, 3, 3, '2019-11-05 19:22:26', '2019-11-05 19:22:26'),
	(212, 328, '2019-11-05', 2, 2, 3, 2, 3, 1, 3, 3, 3, 3, 3, 3, 3, 3, 3, 3, 3, '2019-11-05 19:23:42', '2019-11-05 19:23:42'),
	(213, 139, '2019-11-05', 2, 3, 3, 3, 3, 3, 3, 3, 3, 3, 3, 3, 3, 3, 3, 3, 3, '2019-11-05 19:29:16', '2019-11-05 19:29:16'),
	(214, 141, '2019-11-05', 3, 1, 1, 1, 2, 2, 2, 1, 3, 3, 3, 3, 3, 3, 1, 3, 3, '2019-11-05 19:33:19', '2019-11-05 19:33:19'),
	(215, 144, '2019-11-05', 2, 2, 2, 2, 3, 3, 3, 3, 3, 3, 3, 3, 3, 3, 3, 3, 3, '2019-11-05 19:37:29', '2019-11-05 19:37:29'),
	(216, 151, '2019-11-05', 3, 2, 3, 3, 2, 3, 3, 3, 3, 3, 3, 3, 3, 3, 3, 3, 3, '2019-11-05 19:45:58', '2019-11-05 19:45:58'),
	(217, 153, '2019-11-05', 1, 2, 3, 3, 3, 3, 3, 3, 3, 3, 3, 3, 3, 3, 3, 3, 3, '2019-11-05 19:46:15', '2019-11-05 19:46:15'),
	(218, 157, '2019-11-05', 3, 2, 3, 1, 1, 3, 1, 3, 2, 1, 3, 3, 3, 3, 3, 3, 3, '2019-11-05 19:54:22', '2019-11-05 19:54:22'),
	(219, 155, '2019-11-05', 3, 3, 3, 1, 2, 1, 3, 2, 3, 2, 1, 3, 3, 1, 3, 3, 3, '2019-11-05 19:54:49', '2019-11-05 19:54:49'),
	(220, 163, '2019-11-05', 3, 1, 3, 3, 3, 3, 3, 3, 3, 3, 3, 3, 3, 3, 3, 3, 3, '2019-11-05 20:07:28', '2019-11-05 20:07:28'),
	(221, 172, '2019-11-05', 2, 1, 2, 1, 1, 1, 1, 2, 3, 3, 3, 2, 3, 3, 3, 3, 3, '2019-11-05 20:08:58', '2019-11-05 20:08:58'),
	(222, 170, '2019-11-05', 1, 2, 3, 1, 3, 3, 3, 3, 3, 3, 3, 3, 3, 3, 3, 3, 3, '2019-11-05 20:14:38', '2019-11-05 20:14:38'),
	(223, 181, '2019-11-05', 3, 3, 3, 2, 1, 1, 1, 3, 1, 3, 3, 3, 3, 1, 3, 3, 3, '2019-11-05 20:19:25', '2019-11-05 20:19:25'),
	(224, 178, '2019-11-05', 3, 1, 3, 1, 1, 1, 3, 1, 3, 1, 3, 3, 3, 3, 3, 1, 3, '2019-11-05 20:26:09', '2019-11-05 20:26:09'),
	(225, 186, '2019-11-05', 3, 1, 3, 1, 1, 1, 3, 3, 3, 3, 3, 3, 3, 3, 3, 3, 3, '2019-11-05 20:29:46', '2019-11-05 20:29:46'),
	(226, 191, '2019-11-05', 3, 3, 2, 3, 3, 3, 3, 3, 3, 3, 3, 3, 3, 3, 3, 3, 3, '2019-11-05 20:36:43', '2019-11-05 20:36:43'),
	(227, 195, '2019-11-05', 2, 3, 3, 3, 3, 3, 3, 3, 3, 3, 3, 3, 2, 3, 3, 3, 3, '2019-11-05 20:37:06', '2019-11-05 20:37:06'),
	(228, 198, '2019-11-05', 2, 3, 3, 3, 3, 3, 3, 3, 3, 3, 3, 3, 3, 3, 3, 3, 3, '2019-11-05 20:43:23', '2019-11-05 20:43:23'),
	(229, 200, '2019-11-05', 3, 3, 1, 3, 1, 1, 2, 3, 3, 3, 3, 2, 3, 3, 3, 3, 3, '2019-11-05 20:45:31', '2019-11-05 20:45:31'),
	(230, 210, '2019-11-05', 3, 3, 3, 3, 3, 3, 3, 3, 3, 3, 3, 3, 3, 3, 3, 3, 3, '2019-11-05 20:55:59', '2019-11-05 20:55:59'),
	(231, 224, '2019-11-05', 3, 1, 3, 3, 3, 3, 3, 3, 3, 3, 3, 3, 3, 3, 3, 3, 3, '2019-11-05 21:04:00', '2019-11-05 21:04:00'),
	(232, 225, '2019-11-05', 3, 3, 3, 3, 3, 3, 3, 3, 3, 3, 3, 3, 3, 3, 3, 3, 3, '2019-11-05 21:09:37', '2019-11-05 21:09:37'),
	(233, 227, '2019-11-05', 3, 3, 3, 3, 3, 3, 3, 3, 3, 3, 3, 3, 3, 3, 3, 3, 3, '2019-11-05 21:15:10', '2019-11-05 21:15:10'),
	(234, 218, '2019-11-05', 3, 3, 3, 3, 3, 1, 3, 3, 3, 3, 3, 3, 3, 3, 3, 3, 3, '2019-11-05 21:15:25', '2019-11-05 21:15:25'),
	(235, 202, '2019-11-05', 3, 3, 3, 3, 3, 3, 3, 3, 3, 3, 3, 3, 3, 3, 3, 3, 3, '2019-11-05 21:21:54', '2019-11-05 21:21:54'),
	(236, 107, '2019-11-05', 1, 3, 1, 1, 3, 2, 3, 3, 2, 3, 3, 3, 3, 3, 3, 3, 3, '2019-11-05 21:25:43', '2019-11-05 21:25:43'),
	(237, 106, '2019-11-05', 3, 1, 3, 3, 1, 3, 3, 3, 3, 3, 3, 3, 3, 3, 3, 3, 3, '2019-11-05 21:28:36', '2019-11-05 21:28:36'),
	(238, 115, '2019-11-05', 1, 3, 1, 3, 2, 2, 1, 3, 3, 3, 3, 3, 3, 3, 3, 3, 3, '2019-11-05 21:34:36', '2019-11-05 21:34:36'),
	(239, 110, '2019-11-05', 3, 3, 2, 3, 2, 3, 3, 2, 3, 3, 3, 3, 3, 3, 3, 3, 3, '2019-11-05 21:35:46', '2019-11-05 21:35:46'),
	(240, 116, '2019-11-05', 1, 1, 2, 3, 2, 3, 3, 3, 1, 3, 3, 3, 3, 3, 1, 3, 3, '2019-11-05 21:42:53', '2019-11-05 21:42:53'),
	(241, 118, '2019-11-05', 3, 1, 1, 1, 1, 3, 3, 3, 3, 3, 3, 3, 3, 3, 3, 3, 3, '2019-11-05 21:43:08', '2019-11-05 21:43:08'),
	(242, 123, '2019-11-05', 3, 3, 2, 3, 1, 3, 1, 1, 1, 3, 1, 3, 3, 3, 3, 3, 2, '2019-11-05 21:50:10', '2019-11-05 21:50:10'),
	(243, 125, '2019-11-05', 2, 3, 1, 1, 2, 2, 2, 3, 3, 3, 3, 3, 3, 3, 3, 3, 3, '2019-11-05 21:50:24', '2019-11-05 21:50:24'),
	(244, 134, '2019-11-05', 3, 3, 2, 3, 3, 3, 3, 3, 3, 3, 3, 3, 3, 3, 3, 3, 3, '2019-11-05 21:57:38', '2019-11-05 21:57:38'),
	(245, 128, '2019-11-05', 3, 3, 3, 3, 2, 2, 1, 1, 1, 3, 1, 1, 2, 1, 1, 1, 1, '2019-11-05 21:57:40', '2019-11-05 21:57:40'),
	(246, 145, '2019-11-05', 3, 1, 1, 3, 3, 3, 1, 3, 3, 3, 3, 2, 2, 1, 3, 1, 3, '2019-11-05 22:08:02', '2019-11-05 22:08:02'),
	(247, 152, '2019-11-05', 3, 3, 3, 2, 2, 3, 3, 3, 3, 3, 3, 3, 3, 3, 3, 3, 3, '2019-11-05 22:08:07', '2019-11-05 22:08:07'),
	(248, 167, '2019-11-05', 2, 3, 3, 3, 3, 3, 3, 3, 3, 3, 3, 3, 3, 3, 3, 3, 3, '2019-11-05 22:16:09', '2019-11-05 22:16:09'),
	(249, 159, '2019-11-05', 3, 3, 3, 3, 3, 1, 3, 3, 3, 3, 3, 3, 3, 3, 3, 3, 3, '2019-11-05 22:18:30', '2019-11-05 22:18:30'),
	(250, 164, '2019-11-05', 1, 1, 1, 1, 1, 2, 1, 2, 1, 3, 1, 1, 1, 3, 1, 1, 3, '2019-11-05 22:22:40', '2019-11-05 22:22:40'),
	(251, 329, '2019-11-27', 3, 3, 3, 3, 1, 3, 3, 3, 3, 3, 3, 1, 3, 3, 2, 1, 1, '2019-11-27 12:32:46', '2019-11-27 12:32:46'),
	(252, 297, '2019-11-28', 3, 3, 3, 3, 3, 3, 3, 3, 3, 3, 3, 3, 3, 3, 3, 3, 3, '2019-11-28 15:03:39', '2019-11-28 15:03:39'),
	(253, 87, '2019-11-28', 3, 3, 3, 3, 3, 3, 3, 3, 3, 3, 3, 3, 3, 3, 3, 3, 3, '2019-11-28 15:30:43', '2019-11-28 15:30:43'),
	(254, 91, '2019-11-28', 1, 2, 2, 2, 2, 1, 2, 3, 3, 2, 2, 2, 1, 2, 1, 1, 3, '2019-11-28 15:36:18', '2019-11-28 15:36:18'),
	(255, 77, '2019-11-28', 2, 3, 3, 3, 2, 1, 3, 3, 2, 2, 3, 3, 3, 3, 3, 3, 3, '2019-11-28 15:38:19', '2019-11-28 15:38:19'),
	(256, 101, '2019-11-28', 2, 2, 3, 3, 2, 3, 2, 3, 3, 3, 3, 3, 3, 3, 3, 3, 3, '2019-11-28 15:40:26', '2019-11-28 15:40:26'),
	(257, 88, '2019-11-28', 2, 3, 2, 3, 3, 3, 3, 3, 3, 3, 3, 3, 3, 3, 3, 3, 3, '2019-11-28 15:46:18', '2019-11-28 15:46:18'),
	(258, 94, '2019-11-28', 2, 2, 3, 3, 2, 3, 3, 2, 3, 3, 3, 2, 3, 3, 3, 3, 3, '2019-11-28 15:46:53', '2019-11-28 15:46:53'),
	(259, 102, '2019-11-28', 3, 3, 3, 3, 3, 3, 3, 3, 3, 3, 3, 3, 3, 3, 3, 3, 3, '2019-11-28 15:50:37', '2019-11-28 15:50:37'),
	(260, 79, '2019-11-28', 3, 3, 2, 3, 2, 2, 3, 3, 3, 3, 3, 3, 3, 3, 3, 3, 3, '2019-11-28 15:55:01', '2019-11-28 15:55:01'),
	(261, 104, '2019-11-28', 1, 3, 3, 3, 2, 3, 3, 2, 2, 3, 3, 3, 3, 3, 3, 3, 3, '2019-11-28 15:56:15', '2019-11-28 15:56:15'),
	(262, 103, '2019-11-28', 3, 3, 3, 3, 3, 3, 3, 3, 3, 3, 3, 3, 3, 3, 3, 3, 3, '2019-11-28 16:01:51', '2019-11-28 16:01:51'),
	(263, 100, '2019-11-28', 3, 3, 2, 3, 3, 3, 3, 3, 3, 3, 3, 3, 3, 3, 3, 3, 3, '2019-11-28 16:03:25', '2019-11-28 16:03:25'),
	(264, 93, '2019-11-28', 2, 2, 2, 3, 2, 1, 3, 2, 2, 3, 3, 3, 3, 2, 3, 3, 3, '2019-11-28 16:05:24', '2019-11-28 16:05:24'),
	(265, 161, '2019-11-28', 3, 3, 3, 3, 3, 3, 3, 3, 3, 3, 3, 3, 3, 3, 3, 3, 3, '2019-11-28 16:13:21', '2019-11-28 16:13:21'),
	(266, 83, '2019-11-28', 3, 3, 2, 3, 2, 3, 2, 2, 2, 3, 3, 2, 3, 3, 3, 3, 3, '2019-11-28 16:15:20', '2019-11-28 16:15:20'),
	(267, 158, '2019-11-28', 1, 3, 3, 3, 3, 3, 3, 3, 3, 3, 3, 3, 3, 3, 3, 3, 3, '2019-11-28 16:16:55', '2019-11-28 16:16:55'),
	(268, 82, '2019-11-28', 3, 2, 3, 2, 3, 3, 3, 3, 3, 3, 3, 2, 3, 3, 3, 3, 3, '2019-11-28 16:20:29', '2019-11-28 16:20:29'),
	(269, 90, '2019-11-28', 1, 3, 3, 3, 2, 3, 3, 3, 3, 3, 2, 3, 3, 3, 3, 3, 3, '2019-11-28 16:24:13', '2019-11-28 16:24:13'),
	(270, 89, '2019-11-28', 3, 3, 1, 3, 3, 3, 1, 3, 1, 3, 3, 3, 3, 3, 3, 1, 2, '2019-11-28 16:24:56', '2019-11-28 16:24:56'),
	(271, 96, '2019-11-28', 1, 3, 1, 3, 3, 3, 3, 3, 3, 3, 3, 2, 3, 3, 3, 3, 3, '2019-11-28 16:28:32', '2019-11-28 16:28:32'),
	(272, 78, '2019-11-28', 3, 3, 2, 3, 3, 3, 3, 3, 2, 2, 2, 3, 3, 3, 2, 3, 3, '2019-11-28 16:30:28', '2019-11-28 16:30:28'),
	(273, 86, '2019-11-28', 3, 3, 3, 3, 3, 3, 3, 3, 3, 3, 3, 3, 3, 3, 3, 3, 3, '2019-11-28 16:35:09', '2019-11-28 16:35:09'),
	(274, 98, '2019-11-28', 3, 3, 3, 3, 3, 3, 3, 2, 3, 3, 3, 3, 3, 3, 3, 3, 3, '2019-11-28 16:36:42', '2019-11-28 16:36:42'),
	(275, 120, '2019-11-28', 3, 2, 2, 2, 2, 3, 3, 3, 3, 3, 3, 3, 3, 3, 3, 3, 3, '2019-11-28 17:57:18', '2019-11-28 17:57:18'),
	(276, 133, '2019-11-28', 3, 3, 3, 2, 3, 2, 3, 3, 3, 3, 3, 3, 3, 3, 3, 3, 3, '2019-11-28 18:01:33', '2019-11-28 18:01:33'),
	(277, 327, '2019-11-28', 3, 3, 3, 3, 3, 3, 3, 3, 3, 3, 3, 3, 3, 3, 3, 3, 3, '2019-11-28 18:02:22', '2019-11-28 18:02:22'),
	(278, 208, '2019-11-28', 3, 3, 3, 3, 3, 3, 3, 3, 3, 3, 3, 3, 3, 3, 3, 3, 3, '2019-11-28 18:07:35', '2019-11-28 18:07:35'),
	(279, 172, '2019-11-28', 3, 3, 3, 3, 3, 3, 3, 3, 3, 3, 3, 1, 3, 3, 3, 3, 3, '2019-11-28 18:10:25', '2019-11-28 18:10:25'),
	(280, 211, '2019-11-28', 3, 3, 3, 3, 3, 3, 3, 3, 3, 3, 3, 3, 3, 3, 3, 3, 3, '2019-11-28 18:14:08', '2019-11-28 18:14:08'),
	(281, 141, '2019-11-28', 3, 3, 3, 3, 3, 3, 3, 3, 3, 1, 3, 3, 3, 3, 3, 3, 3, '2019-11-28 18:17:01', '2019-11-28 18:17:01'),
	(282, 206, '2019-11-28', 3, 3, 3, 3, 3, 3, 3, 3, 3, 3, 3, 3, 3, 3, 3, 3, 3, '2019-11-28 18:17:49', '2019-11-28 18:17:49'),
	(283, 226, '2019-11-28', 2, 3, 3, 3, 2, 2, 3, 3, 3, 3, 3, 3, 3, 3, 3, 3, 3, '2019-11-28 18:21:19', '2019-11-28 18:21:19'),
	(284, 131, '2019-11-28', 1, 2, 2, 3, 1, 3, 3, 2, 3, 3, 3, 3, 3, 3, 3, 3, 3, '2019-11-28 18:26:25', '2019-11-28 18:26:25'),
	(285, 200, '2019-11-28', 3, 2, 2, 2, 2, 1, 3, 3, 3, 2, 3, 2, 3, 3, 3, 3, 3, '2019-11-28 18:30:39', '2019-11-28 18:30:39'),
	(286, 122, '2019-11-28', 3, 3, 3, 3, 2, 3, 3, 3, 3, 3, 1, 3, 2, 3, 3, 3, 3, '2019-11-28 18:31:28', '2019-11-28 18:31:28'),
	(287, 108, '2019-11-28', 3, 3, 3, 3, 3, 3, 3, 2, 3, 3, 3, 3, 3, 3, 3, 3, 3, '2019-11-28 18:35:47', '2019-11-28 18:35:47'),
	(288, 109, '2019-11-28', 3, 3, 3, 3, 3, 3, 3, 3, 3, 3, 3, 3, 3, 3, 3, 3, 3, '2019-11-28 18:39:09', '2019-11-28 18:39:09'),
	(289, 181, '2019-11-28', 2, 2, 3, 1, 1, 2, 3, 1, 1, 3, 3, 2, 3, 3, 3, 3, 3, '2019-11-28 18:39:15', '2019-11-28 18:39:15'),
	(290, 155, '2019-11-28', 3, 3, 3, 3, 3, 3, 3, 3, 3, 3, 2, 3, 3, 3, 3, 3, 3, '2019-11-28 18:53:49', '2019-11-28 18:53:49'),
	(291, 157, '2019-11-28', 1, 3, 3, 3, 2, 3, 3, 2, 3, 3, 3, 3, 3, 2, 3, 3, 3, '2019-11-28 18:55:57', '2019-11-28 18:55:57'),
	(292, 114, '2019-11-28', 3, 3, 2, 3, 3, 3, 3, 3, 3, 3, 3, 3, 3, 3, 3, 3, 3, '2019-11-28 18:58:50', '2019-11-28 18:58:50'),
	(293, 107, '2019-11-28', 3, 3, 3, 3, 3, 2, 3, 3, 3, 3, 3, 3, 3, 3, 3, 3, 3, '2019-11-28 19:05:41', '2019-11-28 19:05:41'),
	(294, 115, '2019-11-28', 3, 3, 3, 3, 3, 3, 3, 3, 3, 3, 3, 3, 3, 3, 3, 3, 3, '2019-11-28 19:06:05', '2019-11-28 19:06:05'),
	(295, 125, '2019-11-28', 3, 3, 3, 3, 3, 3, 3, 3, 3, 3, 3, 3, 3, 3, 3, 3, 3, '2019-11-28 19:07:41', '2019-11-28 19:07:41'),
	(296, 116, '2019-11-28', 2, 3, 1, 2, 3, 2, 2, 1, 1, 1, 3, 2, 3, 1, 2, 3, 2, '2019-11-28 19:16:52', '2019-11-28 19:16:52'),
	(297, 123, '2019-11-28', 2, 2, 2, 1, 1, 3, 2, 1, 2, 2, 2, 3, 2, 2, 2, 3, 2, '2019-11-28 19:18:05', '2019-11-28 19:18:05'),
	(298, 249, '2019-12-02', 1, 3, 2, 3, 3, 1, 3, 2, 3, 3, 3, 3, 3, 3, 3, 3, 3, '2019-12-02 13:54:03', '2019-12-02 13:54:03'),
	(299, 257, '2019-12-02', 1, 3, 2, 2, 3, 3, 3, 3, 3, 3, 3, 3, 3, 2, 3, 3, 3, '2019-12-02 13:54:27', '2019-12-02 13:54:27'),
	(300, 305, '2019-12-02', 3, 3, 3, 2, 3, 3, 3, 2, 3, 3, 3, 3, 3, 3, 3, 3, 3, '2019-12-02 14:05:51', '2019-12-02 14:05:51'),
	(301, 302, '2019-12-02', 2, 3, 3, 3, 3, 3, 3, 3, 3, 3, 3, 3, 3, 3, 3, 3, 3, '2019-12-02 14:06:40', '2019-12-02 14:06:40'),
	(302, 238, '2019-12-02', 3, 3, 2, 3, 3, 3, 3, 3, 3, 3, 3, 3, 3, 3, 3, 2, 3, '2019-12-02 14:19:48', '2019-12-02 14:19:48'),
	(303, 271, '2019-12-02', 1, 1, 2, 3, 2, 1, 1, 1, 2, 3, 1, 1, 2, 3, 1, 3, 3, '2019-12-02 14:20:18', '2019-12-02 14:20:18'),
	(304, 243, '2019-12-02', 1, 2, 3, 3, 3, 3, 3, 2, 3, 3, 3, 3, 3, 3, 3, 3, 3, '2019-12-02 14:28:58', '2019-12-02 14:28:58'),
	(305, 275, '2019-12-02', 3, 3, 2, 3, 3, 3, 3, 3, 3, 3, 3, 3, 3, 3, 3, 3, 3, '2019-12-02 14:34:53', '2019-12-02 14:34:53'),
	(306, 281, '2019-12-02', 3, 1, 3, 1, 1, 3, 3, 1, 3, 3, 3, 3, 3, 1, 1, 3, 3, '2019-12-02 14:39:02', '2019-12-02 14:39:02'),
	(307, 322, '2019-12-02', 3, 3, 2, 3, 3, 3, 3, 3, 3, 3, 3, 3, 3, 3, 3, 3, 3, '2019-12-02 14:49:18', '2019-12-02 14:49:18'),
	(308, 323, '2019-12-02', 3, 2, 3, 3, 3, 3, 3, 2, 3, 3, 3, 3, 3, 3, 3, 3, 3, '2019-12-02 14:49:59', '2019-12-02 14:49:59'),
	(309, 164, '2019-12-02', 2, 1, 1, 3, 2, 3, 3, 3, 3, 3, 3, 3, 3, 3, 3, 3, 3, '2019-12-02 15:47:08', '2019-12-02 15:47:08'),
	(310, 331, '2020-02-21', 1, 2, 3, 1, 2, 2, 2, 1, 3, 1, 3, 1, 2, 2, 3, 3, 2, '2020-02-21 17:19:24', '2020-02-21 17:19:24'),
	(311, 332, '2020-03-02', 2, 1, 3, 1, 3, 1, 2, 1, 1, 3, 1, 2, 2, 1, 3, 1, 1, '2020-03-02 16:06:52', '2020-03-02 16:06:52'),
	(312, 331, '2020-03-04', 3, 3, 2, 3, 3, 3, 3, 3, 1, 3, 3, 3, 2, 3, 1, 3, 2, '2020-03-04 18:37:05', '2020-03-04 18:37:05'),
	(313, 333, '2022-04-10', 1, 1, 1, 2, 1, 2, 2, 1, 1, 2, 1, 2, 2, 1, 2, NULL, NULL, '2022-04-10 20:41:37', '2022-04-10 20:41:37'),
	(314, 333, '2022-04-10', 1, 1, 1, 1, 2, 1, 2, 1, 1, 1, 2, 1, 3, 1, 1, NULL, NULL, '2022-04-10 20:49:28', '2022-04-10 20:49:28'),
	(315, 333, '2022-04-10', 1, 1, 1, 2, 1, 1, 3, 1, 1, 1, 1, 1, 1, 1, 1, NULL, NULL, '2022-04-10 20:54:56', '2022-04-10 20:54:56'),
	(316, 333, '2022-04-10', 1, 1, 1, 3, 1, 1, 1, 1, 1, 2, 1, 1, 1, 3, 1, NULL, NULL, '2022-04-10 21:00:10', '2022-04-10 21:00:10'),
	(317, 333, '2022-04-10', 1, 1, 1, 1, 1, 1, 1, 3, 2, 1, 1, 1, 1, 2, 1, NULL, NULL, '2022-04-10 23:13:53', '2022-04-10 23:13:53');
/*!40000 ALTER TABLE `respuesta_ninos` ENABLE KEYS */;

-- Volcando estructura para tabla noabs.users
DROP TABLE IF EXISTS `users`;
CREATE TABLE IF NOT EXISTS `users` (
  `id` int(10) unsigned NOT NULL AUTO_INCREMENT,
  `nombres` varchar(90) COLLATE utf8mb4_unicode_ci NOT NULL,
  `apellidos` varchar(90) COLLATE utf8mb4_unicode_ci NOT NULL,
  `username` varchar(90) COLLATE utf8mb4_unicode_ci NOT NULL,
  `email` varchar(150) COLLATE utf8mb4_unicode_ci NOT NULL,
  `password` varchar(255) COLLATE utf8mb4_unicode_ci NOT NULL,
  `remember_token` varchar(100) COLLATE utf8mb4_unicode_ci DEFAULT NULL,
  `created_at` timestamp NULL DEFAULT NULL,
  `updated_at` timestamp NULL DEFAULT NULL,
  PRIMARY KEY (`id`),
  UNIQUE KEY `users_email_unique` (`email`),
  UNIQUE KEY `username` (`username`)
) ENGINE=InnoDB AUTO_INCREMENT=391 DEFAULT CHARSET=utf8mb4 COLLATE=utf8mb4_unicode_ci;

-- Volcando datos para la tabla noabs.users: ~342 rows (aproximadamente)
DELETE FROM `users`;
/*!40000 ALTER TABLE `users` DISABLE KEYS */;
INSERT INTO `users` (`id`, `nombres`, `apellidos`, `username`, `email`, `password`, `remember_token`, `created_at`, `updated_at`) VALUES
	(1, 'Andres', 'Bertel', 'admin1', 'andres.bertel@hotmail.com', '$2y$10$N83Y0FL3RTVicEgz5KM05uMTWYh4iBY8EWpbXi25fEgcJfOp4OhSy', '7X1hIgvHBwhlFCJBfBLUqOjmdcGm0PFNc1F9vNNooF9PsEyzOZZ3opEqGcx4', '2018-09-05 22:11:50', '2018-09-05 22:11:50'),
	(2, 'Estudiante', 'Bertel', 'estudiante', 'andres.bertel@estudiante.com', '$2y$10$dl/aUfBlxdkB0tH4KO9bQ.12hAAsEZh0eZiraxsA2CJqFpMMRfLy2', 'OYmMWWHqTczjXmhFNGjBNVsBnPgM7EkRMGOQ9jpARZ9EHvetzIGanfyItW5k', '2018-09-05 22:11:50', '2021-08-20 22:40:35'),
	(3, 'Gestor', 'Bertel', 'gestor', 'andres.bertel@gestor.com', '$2y$10$NADt6WhiEst1ZuPg.RXY/eXhyeWK94jH2217Vaeyo6dM23U1ZOJV.', 'IcACDkCGTI8WEAhowKC9OfHO2T93OM9FOAdkQoy9CqvD4FvORvldLQIAJMeN', '2018-09-05 22:11:50', '2018-09-05 22:11:50'),
	(22, 'Natalia', 'Pig', 'naty', 'natalia@cecar.edu.co', '$2y$10$5BX4ADvdykgsvinDlKNnL.jFH2wN5eBY9gz1z18uX1ufPD8.3ROeK', 'UDtbf1e3pIxdrTVBkYZyKFc1HxhETOmbmlZBWkRphe6nvOkdpOwt3o64Pn51', '2018-09-07 21:57:31', '2018-09-07 21:57:31'),
	(23, 'Maria', 'Sierra', 'majo', 'majo@cecar.edu.co', '$2y$10$Wocwf1b4YUNHZFtTcsn/OOEspb3EytU.4uYeJ2hRd84HEcOtJCARC', '9kehhvCCDcNjWTWATl5Q2TyZRajoquG8bK1Q34bTNDoA6aJEvPqKWHqvrKWf', '2018-09-14 14:45:02', '2018-10-03 19:03:25'),
	(24, 'Jork kid', 'Pig', 'Jork', 'jork@cecar.edu.co', '$2y$10$vLbI2r9RTEjrnzWN2yOXz.glla8gw/nPZH2hh7WLM5.3tK139KsV2', 'uVPm9q8wjEykS4jEktPOl0sTVwspXKvb6CL3TT7iDuF0wtk2apm0iCG66W3X', '2018-09-14 14:49:04', '2018-10-03 19:01:00'),
	(25, 'Nicolas', 'Hernandez', 'nico', 'ni@cecar.edu.co', '$2y$10$Su1JtQvRHpxLz2hN8lKU/ON44qBjyQGAdh23ikdY79PJKC5yktw..', 'MIYOCVPbmTyQvGnKgA8c2jEv4Oa7qnGrLE9P2Y5En7QZmKd2qxWrSH9X6Ca0', '2018-09-14 16:04:26', '2018-09-14 16:04:26'),
	(27, 'Natalia', 'Bertel', 'naty2', 'natalia11@cecar.edu.co', '$2y$10$nXBxDwiB.jNvwb7qd83R.uUOG0vdt4JuFB36ssxubK1iGjXb1OYPe', 'xJCHwBGXmhEPB8KwnG580gaV84taqlpD1GbonDgIcxk6V6D9ki31UfhC6FFj', '2018-09-14 16:56:11', '2018-09-14 16:58:42'),
	(28, 'Nombre nino', 'Apellido', 'nino', 'andres.ber555tel@hotmail.com', '$2y$10$TH0K52Llou/C74ngk9ZbF.WPqX7MoTcoEJDHmQ6j3.A485QjY41YW', 'SZS9P1jerfuOlKPnaGApYmpk5jOfqqQ8nuA4dhRrj0JdgsMPwquIKQ6r5Agu', '2018-09-14 17:00:20', '2018-09-14 17:00:20'),
	(29, 'Jairo', 'Montes', 'jairom', 'jairo@cecar.edu.co', '$2y$10$IYgPf.WvBZUpyH/T4b1CjO/DPWEhFZfNWxTOlBICol/FTNhU8Tbgi', 'qaulW4pZ9e5w8uWEzuLUp8glA0VQ6EZBTNONtuYWBbRLUCL8PE2lOUuPKTfy', '2018-09-18 18:59:38', '2019-06-21 02:25:23'),
	(30, 'Monica', 'Herazo', 'moni', 'monica.herazo@hotmail.com', '$2y$10$HuUw5FvA4xQpkS8PbAkLLO/5IKYfEvd4kIjloFAAm6/OrBcPufbxS', 'IGHjYI4hDcwKuPJQTbZ2OOmXpobcGasDJDA1zGsfvoP6IBeZzJgZdrtAMLw0', '2018-09-27 19:48:43', '2018-09-27 19:49:41'),
	(32, 'Usuario', 'Admin', 'admin', 'lesly.bravol@cecar.edu.co', '$2y$10$hQA83a3oi8OhUR/2WL7QZetPSQnCFZoWdpSL4dbmT3MWL0gCF5yYG', NULL, '2018-10-24 21:50:17', '2018-10-24 21:50:17'),
	(34, 'Diana', 'Martinez', '1102877536', 'diana.martineza@cecar.edu.co', '$2y$10$ddVbn9w3Qp6eLKyjyvu3rupfrb/0xar51bgdRX8R./DTFgchrt82u', 'MuBma7z3JetYPtc6qRHWoZX72ttbBMR3WHRDbRjFdAhD0nn0xBjqTf8oZQ3e', '2018-11-01 20:41:23', '2018-11-01 20:41:23'),
	(35, 'Jose Dorado', 'Dorado', 'jose.dorado', 'jose.dorado@cecar.edu.co', '$2y$10$KSHxMJMcT.I4NX7mtrMf1eoqQWu/nATNnoN5fbVNUr.mthuCtQKs6', 'HFcBmkqo9ZN6aXxpvVUtwUv6DbBgIbfz7awtQFtiGIZGZhgxk5p8pwKxdVWP', '2018-11-01 20:45:31', '2018-11-01 20:45:31'),
	(36, 'Diana', 'Martinez', 'diamartinez', 'diamartinez@cecar.edu.co', '$2y$10$EXFD.ffe7q3Jo6wV/S63CePCSq8h9g3FeHIdrktH6F8s68YlIWmyq', 'xkcZPDX0QVOyC3rkFqoVTgL7N3fpM1JomKYj1sjuM0NGJU42YoRwMHfzCbDh', '2018-11-06 15:54:42', '2018-11-06 15:54:42'),
	(37, 'Dilan', 'Villeros Cavadias', 'Dilanvilleros', 'Dilanvilleros@cecar.edu.co', '$2y$10$D1uKdcMxdu0WWINDhAoYcOI3Qtf80KAOz/.mrQmVhvymebFwOUcuO', 'gUVElR1N1XaxlHj49XXiz75Ez9tYS8yCtg7ZQRDqsV2OGWNEUugLcURGnPn4', '2018-11-08 02:40:57', '2018-11-08 02:40:57'),
	(38, 'Ximena Yuliana', 'Ruiz Lopez', 'ximenaruiz', 'ximenaruiz@cecar.edu.co', '$2y$10$qwy/W/WR6TWPfQvpDRKi1OcrU/d3rBHFJRpZumoPtqeDzVC2CfB8W', 'kKX8kXsoKcqCT5N1gO1Mjh3i6p0r8qDN7wjtpMHS6KgLAeGdxANeRJBdJY9X', '2018-11-08 02:42:57', '2018-11-08 02:42:57'),
	(39, 'Geronimo', 'Salazar Velez', 'geronimosalazar', 'geronimosalazar@cecar.edu.co', '$2y$10$i0fGjqTK7d9WfJbfITRAluwW9L7aFPkCDs0C1lgLwZUi07d3D8hU6', 'ogbB811q1b2CM4t8n82mqa2y5ErViYUbF67hUoMZwrzzKbvm6dKPnhcxo17I', '2018-11-08 02:44:57', '2018-11-08 02:44:57'),
	(40, 'Eduard', 'Tordecilla Faria', 'eduardtordecilla', 'eduardtordecilla@cecar.edu.co', '$2y$10$Hfvb09hVTUfYFpEXGY7qF.Eo7RQULoyXi.owYJ5U.B4h5Ngj4mQQ2', 'l6rzECwlsUbZBh3zQK2b7Mns3fse4DKKC5KXI6IIM0R8sqg6fukR2umpiJDE', '2018-11-08 02:47:57', '2018-11-08 02:47:57'),
	(41, 'keyla', 'Perez', 'keylaperez', 'keylaperez@cecar.edu.co', '$2y$10$gcmyr.Ji02VPGsHJ3upgpeRvwCI0hrt8K/rQ0.gAlBjFSqrVHNC3a', NULL, '2018-11-08 02:49:41', '2018-11-08 02:49:41'),
	(42, 'Jorge Andres', 'Suarez', 'jorgesuarez', 'jorgesuarez@cecar.edu.co', '$2y$10$fbQNy1E.WfXz7SEVNHbUf.VqZr0av2LKjtU9drPDKYaH7q4XkUjE6', NULL, '2018-11-08 02:51:31', '2018-11-08 02:51:31'),
	(43, 'Mariela', 'Narvaez Perez', 'marielanarvaez', 'marielanarvaez@cecar.edu.co', '$2y$10$ugYvwDOTGMym/dm08weUD.J4kCAvGuQ9kswAAXDXXfAkALslGWLe2', NULL, '2018-11-08 02:54:11', '2018-11-08 02:54:11'),
	(44, 'Fabian Eduardo', 'Perez', 'fabianperez', 'fabianperez@cecar.edu.co', '$2y$10$xubCMX4Ed7Ezv70YkDS4RuhOoZ9hBvQCPi.P4stHZaFZ54cPymni6', 'OJ2MXZvjMFOTcZugg8K6aVAC1uRZ5WttgVVMoWJLaM7lWEKGljkLvZfGtV6N', '2018-11-08 02:56:56', '2018-11-08 02:56:56'),
	(45, 'Estellys Maria', 'Vergara', 'estellysvergara', 'estellysvergara@cecar.edu.co', '$2y$10$V2IRlyhKy.a2twXDAT9HVeiaCiMVrljbGEMLfxjM1aTT3GKC/1Uo2', 'icAWrLPGHbtuFAy7zkD2ouJTOTG5A7gwanshz0TFokZHITVXKIctFQRHmLSx', '2018-11-08 03:10:17', '2018-11-08 03:10:17'),
	(46, 'Adriana', 'Fuentes Feria', 'adrianafuentes', 'adrianafuentes@cecar.edu.co', '$2y$10$fPwR7m32h2mtNBxQ/CJx2eu2fE7qInl12m/bL9tT63EjjGzhtfPCu', 'KjeQfmh25FEu41VbUps1VFPPURo894225MMgU2Tq6XkNK83ODqum2oGS8q5S', '2018-11-08 03:12:24', '2018-11-08 03:12:24'),
	(47, 'Durleys', 'Arrieta Gonzalez', 'durleysarrieta', 'durleysarrieta@cecar.edu.co', '$2y$10$5SappnFNQGYqt2g1YNgZquI2gtk/pxj6EGbJGuJ.Z1nB5CK5aVRae', 'Nrn30iQ8YouMFWcZ5H719yXMkcy0wadrk7rA7GXWI8wsYIq1hHcbt3NWm5WP', '2018-11-08 03:14:11', '2018-11-08 03:14:11'),
	(48, 'Candelaria', 'Picon Narvaez', 'candelariapicon', 'candelariapicon@cecar.edu.co', '$2y$10$0NO8D.NkY78HpuzVwSH8YePQ5MZIB/E4q2oXcjCbV1idchdRu3Awy', 'auh6NJw8mmNyETgjvTmRF9NO0vdfexjUyOzTCN6qg0qCuaFITvT4DkQzRkow', '2018-11-08 03:15:35', '2018-11-08 03:15:35'),
	(49, 'Sebastian', 'Martinez Diaz', 'sebastianmartinez', 'sebastianmartinez@cecar.edu.co', '$2y$10$vqRU5.mYFwNKGB6k2nJQEeWaol2lHAUxGSN8fKOjvWShoo2m4i0lW', 'BkvL2am9x4RkJs9YBc78EYHNOGnpYSdZys4xnEGCZARAtnJXnX6tHBumzzF5', '2018-11-08 03:17:15', '2018-11-08 03:17:15'),
	(50, 'Esteban Alfonso', 'Contreras M', 'estebancontreras', 'estebancontreras@cecar.edu.co', '$2y$10$rE3BQsHXf7J9.MkXGOgBYe1EWtv5gbsLqaOecKwQld8wGeyyXLtbm', 'h2PTcECSEzSdSXqcs6eZfJttQVqdi1295aBMXKnteJEXsLoN8py3Qcp2iCKR', '2018-11-08 03:19:35', '2018-11-08 03:19:35'),
	(51, 'Anfi Saray', 'Cadavid M', 'anfycadavid', 'anfycadavid@cecar.edu.co', '$2y$10$HuVNXI7w3CGPRHy9ffjz4exq2uKsuL8bdrJlKJpjbis6AKtI/cXqe', 'qHIqG35uCedafl0a3udeDk1A87n2oaZT93LfsLChFd6k76LBIjtr8RpjZBn9', '2018-11-08 03:22:08', '2018-11-08 03:22:08'),
	(52, 'Mailen', 'Berrio Licona', 'mailenberrio', 'mailenberrio@cecar.edu.co', '$2y$10$OYBm0NK7.Q5tI7Nu0eoQFOuY7WpirpdjmPNYCpUWJ7617RrB6Q9hy', 'TSBkHYRRhusDKIXy1I4ZVEVSnzkabSKz8b2voBSWuCMMHKnEw0uTaSevZneS', '2018-11-08 03:25:47', '2018-11-08 03:25:47'),
	(53, 'Jennifer', 'Lopez', 'jenniferlopez', 'jenniferlopez@cecar.edu.co', '$2y$10$jLubl/fKdVJ.tpRg0XH10eYmFR2nz9AVFkytgO4gDRDf5CdfOMWJ6', '6ft3i7WqKlpFbGu4PeLmrKny1X9dffLIxbiKVI2Hn05Eqgn58OIOVH9NBrwt', '2018-11-08 03:27:46', '2018-11-08 03:27:46'),
	(54, 'Maria Clara', 'Madrid G', 'mariamadrid', 'mariamadrid@cecar.edu.co', '$2y$10$meFrqNT1Y7azUrVjO/K0Dunqpp9B0x6BuroMdkx..ZR3oAyl4hFHS', 'vIHRRgvFr4l1KjB6wtVKu2ppVWvKXmE5TKPDPTJqXwnopVWuMh3C4RXDnvBV', '2018-11-08 03:29:45', '2018-11-08 03:29:45'),
	(55, 'Darwin Andres', 'Agudelo', 'darwinagudelo', 'darwinagudelo@cecar.edu.co', '$2y$10$LNkEzEeQaS8T66FDcZJPOeISIdphKGJuf1gIIyrfdxAXfF8Xh/ROm', 'KAS2EP3HuLbSs3Vx8PHUlu6fB1ycT0iI33zryAqOvGtBPQ7MD9KeiyIrxvib', '2018-11-08 03:31:01', '2018-11-08 03:31:01'),
	(56, 'Angerson Luis', 'Zavale', 'angersonzavale', 'agersonzavale@cecar.edu.co', '$2y$10$U9Uj2cKZLU9yDfCW3ghpTuTeqf7ETlFyJwhGmQNg/6SnczepY9TFm', '1zqOgnHTyY4wLqqTPnJ8oR6ws0F3EQj59jfWmxDADXjURoDmnTibya98aYl5', '2018-11-08 03:33:02', '2018-11-08 03:33:02'),
	(57, 'Carlos Julio', 'Martinez Mendez', 'carlosmartinez', 'carlosmartinez@cecar.edu.co', '$2y$10$St9COz8fwG.6Os1.SdkqQes2.ACaeg.l2YK2cI/EQbRksvnIHmrgK', 'BP1H6MRXObnpUjVUfz5gzzDkoVXKFA6Br9c6UUa5hsnSTaJXhRMAEEKdlXNb', '2018-11-08 03:34:14', '2018-11-08 03:34:14'),
	(58, 'Mateo David', 'Zuñiga Palacio', 'mateozuñiga', 'mateozuniga@cecar.edu.co', '$2y$10$Gm831aJd7K1MUyGHd9uQgelxocdJWVcKbBEdFvMqhLyFz8JG2.OUW', 'G1vjhtuYldfF359i83HNNof9Mla6jCuqT3B6rO7ItN1k0q737AQAzHcFqDT3', '2018-11-08 03:36:23', '2018-11-08 03:36:23'),
	(59, 'Carlos Mario', 'Suarez', 'carlossuarez', 'carlossuarez@cecar.edu.co', '$2y$10$Bo2CBzHPd.JV3cP6S/KFHOLmVInRzv53ILzBXONJX6JcfL1J6KMae', 'D2bKpiz6O0xm9VqUtuvkdWv7ZhSRmQJJouADKmB59p6Sj1L4NW8vlMM0KXn6', '2018-11-08 03:39:03', '2018-11-08 03:39:03'),
	(60, 'Ronald', 'Barrios', 'ronaldbarrios', 'ronaldbarrios@cecar.edu.co', '$2y$10$VdsMkaf4Pq9xCS9C7BwkEu0ruR3LOokeBGbK7VMdeGCB3o4axhdRe', 'CFPGqTbYgUTHr4z6labLfyQ98mHTnBkbM327oYMoZ2X7r4IVzU8Q7b9BszIG', '2018-11-08 03:40:44', '2018-11-08 03:40:44'),
	(61, 'Fabian Andres', 'Mendoza N', 'fabianmendoza', 'fabianmendoza@cecar.edu.co', '$2y$10$jw56HH0C6Rv.31VCmVKRSu5jILE6WN7w1gg1cZ62MqcuTD/vSynYe', 'jMD8pNIFnKdlO3fCLxT7sANrf7RLNU0P4c8l7L2Zph2jBaY7PMxWdskfg4lw', '2018-11-08 03:45:22', '2018-11-08 03:45:22'),
	(62, 'Kaira Illek', 'Pestana M', 'kairapestana', 'kairapestana@cecar.edu.co', '$2y$10$kgAb6w0OUSVbvXFaEL8ICucylY3zPQ1aZXaxmUocRUCQulie.yXNi', 'tMgZc2EGylESgK9qYkxsIKiGOc7aG9kCfaWCVcm7SSq6ybTP5ZdMdadjgSMq', '2018-11-08 03:49:38', '2018-11-08 03:49:38'),
	(63, 'Enoc A', 'Montemiranda toscano', 'enocmontemiranda', 'enocmontemiranda@cecar.edu.co', '$2y$10$r9g2kJN2QSr/VY9HvgEpt.XCbAGP/to5m2nCnk9a4KBloF2XjWPPK', 'k5YdRGACgb2xFAjaefKmHY89zTx0ywljiw0pIUSedu3yIW8OWlbHCKMxkDf3', '2018-11-08 03:51:54', '2018-11-08 03:51:54'),
	(64, 'Leidi Yulieth', 'Trujillo', 'leiditrujillo', 'leiditrujillo@cecar.edu.co', '$2y$10$29RH9FwRGKcAzjPzLzA7eOGe/j1ugWsU2LrlKdQaVoUNTrliCM2AG', NULL, '2018-11-08 03:53:27', '2018-11-08 03:53:27'),
	(65, 'Marieyis', 'Gallegos Cardenas', 'marieyisgallegos', 'marieyisgallegos@cecar.edu.co', '$2y$10$7qxcxPPK2NaHXR8i2DshMO9twaN.nAgEhDyje5UQujcudNyyrm852', 'n3lenacb02yZh7Lde5z9o6bqEpIqeqmiplBzyTs9O3RYOPLd3BcQTZjcVhx1', '2018-11-08 03:56:05', '2018-11-08 03:56:05'),
	(66, 'Natalia', 'Mercado de Horta', 'nataliamercado', 'nataliamercado@cecar.edu.co', '$2y$10$5kQY8BbCf.7C7fkjGSbMXOWasWrU3Y4WbukmHCxgfZkFGXTX8k8Si', 'YqjLRkdlLxyF2E2fAFE3vWfwRkbfVTFAl1dCH0KA7zdZlhvvKtx4OMSucXH2', '2018-11-08 03:58:48', '2018-11-08 03:58:48'),
	(67, 'Luisa Alejandra', 'Ladeus', 'luisaladeus', 'luisaladeus@cecar.edu.co', '$2y$10$BVZ.2nUAB9uZd5Tmqdo.HuNdPB5kLrvWi4mQXlneEkoON6R0OPNGa', 'KZ30lcQuznNAhjmqEoreLkksTSEzZdJgBojjZr9KdnFNeqLnyyWx8ocEkUeg', '2018-11-08 04:09:50', '2018-11-08 04:09:50'),
	(68, 'Paola', 'Hernadez', 'paolahernandez', 'paolahernandez@cecar.edu.co', '$2y$10$E61GFsUMr7MspgOpQC6x1eMEv3jEeVfJigJPZHqWAxkkanzsFZbBO', NULL, '2018-11-08 04:12:15', '2018-11-08 04:12:15'),
	(69, 'Pedro Luis', 'Ortega Zuñiga', 'pedroortega', 'pedroortega@cecar.edu.co', '$2y$10$79lEHfEKze/ntYHZU7TrDOHtCun0vIsPObbTH2Hcq/RwuwT7qjHea', 'Mmyo8DNe3rXqAjQbWdojIr3bvFfRpfGKJPbd9ZMKMzihtsGhBxPFIeSe6pMk', '2018-11-08 04:14:07', '2018-11-08 04:14:07'),
	(70, 'Jork Fabian', 'Quiceno Zuñiga', 'jorkquiceno', 'jorkquiceno@cecar.edu.co', '$2y$10$N06TXaF/V7PUbBaZ9k25OOhyEOEFPo7Wm.87zRGrmpBjHr.3MPoNS', NULL, '2018-11-08 04:15:49', '2018-11-08 04:15:49'),
	(71, 'Maria Jose', 'Zuñiga', 'mariazuñiga', 'mariazuniga@cecar.edu.co', '$2y$10$Up7Zej2jR2qZ1b1jweY.a.evw/IElKQqmjcjooasfD.Mv0CpOG6Pi', 'TfXMSm2a9hM2Vz6Kb641NgSkNJgbkAE96JLeo5pl09pO48zp3WcKdHux2eZB', '2018-11-08 04:18:01', '2018-11-08 04:18:01'),
	(72, 'Danna Marcela', 'Lopez', 'dannalopez', 'dannalopez@ceecar.edu.co', '$2y$10$S1VuOEY.63p7kiMHUKEomeFKmEvOvfFJv7nozYKrOdC6SdS.PtQWq', 'lkokUiE0QtT45NBuOiO3v7XGjEk9VhmAESFYrntE8wwxY3CdopqJG2eq2T9v', '2018-11-08 04:19:21', '2018-11-08 04:19:21'),
	(73, 'Jorge', 'Navarro', 'jorgenavarro', 'jorgenavarro@ceecar.edu.co', '$2y$10$TaI.G9luhtNBb1ct1CPNoeAg92SgXgWtFdlo1.64CqAOxESfWed52', NULL, '2018-11-08 04:21:09', '2018-11-08 04:21:09'),
	(74, 'Kiara', 'Marquez Lopez', 'kiaramarquez', 'kiaramarquez@cecar.edu.co', '$2y$10$QAXgG5VnQYK.ReAUiHVFjOyK.OIhzaHeZUiosnNPmt/mk/5MvG12.', '7824IhnJpa0qStJOYn63WmcX2W5beL2p39NfRuUAzch26vob7SjoXkcvZfFK', '2018-11-08 04:22:33', '2018-11-08 04:22:33'),
	(75, 'Eva Sandrid', 'Jaraba Bello', 'evajaraba', 'evajaraba@cecar.edu.co', '$2y$10$YR/rpr.dRRrvqajMYZI4de7Q4g/0v0Wlpij0FylS9sSLzXZh.WG8S', 'bPG9At092jjuND8ursVSCfrkgf6wPkBgrnWu3XWSj6gokbYoTcxqPkZFyBdT', '2018-11-08 04:24:15', '2018-11-08 04:24:15'),
	(76, 'Isabella', 'Esquivel', 'isabellaesquivel', 'isabellaesquivel@cecar.edu.co', '$2y$10$xCNz4aRsw12ha4ZUtotF9uiPlQa3vw6bMPgrO.J1.wOuAL2mhcvsC', NULL, '2018-11-08 04:25:12', '2018-11-08 04:25:12'),
	(77, 'Neider', 'Ortega', 'neiderortega', 'neiderortega@cecar.edu.co', '$2y$10$cTOazboiNWk2Vo8UTb.sTeBEw8MrHaIJ3YJ3JF/PE4dZCj6ghBbT6', NULL, '2018-11-08 04:26:05', '2018-11-08 04:26:05'),
	(78, 'Adriana', 'Gracias Coava', 'adrianagracias', 'adrinagracias@cecar.edu.co', '$2y$10$YFCEnYktPvLZk2gl6mzf0O.t4hrn10oFpkUuR3IfrL9zHjS9TcgPi', 'sTuUj5l1iAdlwozztmqSTHmxbCQ2QA4Db4xvxnEdZVWo2s7e1eDKS7ZJXx1r', '2018-11-08 04:27:18', '2018-11-08 04:27:18'),
	(79, 'Juan Jose', 'Londoño Yanes', 'juanlondoño', 'juanlondono@cecar.edu.co', '$2y$10$TgB2ycqXzoRfNYOaaZAEUelEXPaj1IsPhV0jzkoATknbygMBXvdLy', 'FzUiHwv6LTHBWDReT5HGY7mqF3JZMSoWq9nYe4ud91d0da6gOaQWYpcWjYtl', '2018-11-08 04:28:51', '2018-11-08 04:28:51'),
	(80, 'Karelis Saray', 'Benitez Ortiz', 'karelisbenitez', 'karelisbenitez@cecar.edu.co', '$2y$10$afS5CObqW2fc3LJPlv3AVuu.v3I0gy2sHiS/FO8WYsM4si8YkQ4/e', 'zshSDAGwBLfcATL35eBYGuMSoahLvDLQgDSClOiDfjTOj9H7tcqK3wlBBy3H', '2018-11-08 04:30:22', '2018-11-08 04:30:22'),
	(81, 'Samuel', 'Gallego Perez', 'samuelgallego', 'samuelgallego@cecar.edu.co', '$2y$10$A2aFzFqkkWCuu43InZjs8uGeIcK2SRaXx4kwwzY48t1sMMH0a4dPO', '7bsmR5wbCQAu9NG1pMLeeKB97qvnstzfAPPwJdoaeavLYRLJbxkutVsbrvN6', '2018-11-08 04:31:29', '2018-11-08 04:31:29'),
	(82, 'Carlos', 'Villadiego Madrid', 'carlosvilladiego', 'carlosvilladiego@cecar.edu.co', '$2y$10$bC/pjVULdd6WJ5y2vyGePuStIBnGFPxJfBrlA7fD4xQ9a.40hpXPq', 'gPJrQesFm5J74av4ACbHgilxhaUo8ij4Adh2Gz3J1lgI4q7CAH30WNghdRHv', '2018-11-08 04:33:03', '2018-11-08 04:33:03'),
	(83, 'Yambray Jose', 'Padilla Monterroza', 'yambraypadilla', 'yambraypadilla@cecar.edu.co', '$2y$10$gz9ulabhb5LbFWX77p6Fpe9EK/n6Ii62HlTfQI6I.QNeUtKaEC59e', 'ypAiIK9i4dro3GxMukbCXHa1IIrpYGbYz7EkPPPtrfM9yb0Ckbi0sgg7hTA6', '2018-11-08 04:34:48', '2018-11-08 04:34:48'),
	(84, 'Alejandro', 'Barrios Puyario', 'alejandrobarrios', 'alejandrobarrios@cecar.edu.co', '$2y$10$Ye5lgfATK8IMRs04xLq1t.pFkSSSO7WwZJ9IX/jXlft/jD2WEEXje', 'xy5v3giTPhTbcGWbWaYoYwQvrgZZpJatXsDns2tKyisvO5hpuI47kNv8oSZD', '2018-11-08 04:36:02', '2018-11-08 04:36:02'),
	(85, 'Isac David', 'Coronado Roqueme', 'isaccoronado', 'isaccoronado@cecar.edu.co', '$2y$10$BbnaWCFkw93yHmh2uho8AOctzYRa.yrTx2Leq0Z3zHbP.H76Sp0ly', 'YOv3aqCVOVNTrbJWHkME3RKhhtY4tFlJsHlglzkkWoYZ0q32Rdq4qMyrKiQ3', '2018-11-08 04:37:36', '2018-11-08 04:37:36'),
	(86, 'Kevin Andres', 'Sotomayor', 'kevinsotomayor', 'kevinsotomayor@cecar.edu.co', '$2y$10$BgavbC1THV8GF14spS0hKOfbQtmats0OvFIZhiVTdZ9Aa67pxw/0O', NULL, '2018-11-08 04:38:42', '2018-11-08 04:38:42'),
	(87, 'Juan Felipe', 'San Andres', 'juansanandres', 'juansanandres@cecar.edu.co', '$2y$10$RhxK6B4J17fNYF7f.tm2iuKTu4svUXJaG.eyFv/iUUjG3mbJJxcyS', 'FVsZeAf5NkITYs26IHBJXwM78JihhI3960Qv9wGLMBd1fowiiZc1Qm6pmkVf', '2018-11-08 04:40:32', '2018-11-08 04:40:32'),
	(88, 'Valery Vanessa', 'Narvaez', 'valerynarvaez', 'valerynarvaez@cecar.edu.co', '$2y$10$c1D9wlpol0oRnLuHST41luFKs2zCorticd92q/jKGLuqRAyRlEv3i', 'atVQiB5OQWkxqcmzvCAqQXwosIHsyenCvukYDNAVH3amdRPOHsyTjjEbaRPx', '2018-11-08 04:42:19', '2018-11-08 16:35:17'),
	(89, 'Susan Alejandra', 'Jimenez', 'susanjimenez', 'susanjimenez@cecar.edu.co', '$2y$10$a8RD0mQ/RgnylGTYacE18u5PLo8eUt16wZgftqYaQ09Om.YSUk03m', 'lMZl9qz3rpzYAVd8pv9JgRTviIf5tWJDPgkF2LCFC08XO7i20d3572v9vuxR', '2018-11-08 04:43:15', '2018-11-08 04:43:15'),
	(90, 'Karen Dayana', 'Aguas P', 'karenaguas', 'karenaguas@cecar.edu.co', '$2y$10$1tGgsjhmTl/3Iq/CqsYKYOmAA6gb349t9UQ.HjZq5MX3mZquixhw2', '4vcxyLk8HkgfXG8TznMKIfxo8CG5XGBta19rQmQg9UngzoV8bfvFTb4m4kY3', '2018-11-08 04:44:15', '2018-11-08 04:44:15'),
	(91, 'Nataly Yohana', 'Mangones', 'natalymangones', 'natalymangones@cecar.edu.co', '$2y$10$svMsfNQMf1BFmY96RdMYhetdX/4WVgkfpBpEEka/cea3YINSwQ8zy', NULL, '2018-11-08 04:45:47', '2018-11-08 04:45:47'),
	(92, 'Luisa', 'Lambertinez', 'luisalambertinez', 'luisalambertinez@cecar.edu.co', '$2y$10$4OMPlgb3JxgUXnQtAzlFyOZUP1DTFXxJVS40wHpST61jDfR/INb2e', NULL, '2018-11-08 04:46:59', '2018-11-08 04:46:59'),
	(93, 'Jesus David', 'Berrio Pestana', 'jesusberrio', 'jesusberrio@cecar.edu.co', '$2y$10$oLf78CkpOuwFTlE/gltG8ey32uFhsj/WSNEg57OfecdIz1kFXqH3W', NULL, '2018-11-08 04:49:07', '2018-11-08 04:49:07'),
	(94, 'Jorge', 'Mendoza Mejia', 'jorgemendoza', 'jorgemendoza@cecar.edu.co', '$2y$10$poZTpRLU.IXGXm/EjyREW.oltEFasu.ievr72PkicsAlKCNQgue0G', 'rT0HVEM3rnqSvffiNzt4zKPthsGZ6zf3xgnR212JUDfqkz9tjYgTrgZkV7rJ', '2018-11-08 04:50:14', '2018-11-08 04:50:14'),
	(95, 'Oswaldo Manuel', 'Canchila', 'oswaldocanchila', 'oswaldocanchila@cecar.edu.co', '$2y$10$9ShtofdjUr5HB9Y0gKMCfegpGwLhheJCXd4Cf3PolkF2AyL3Oamdm', NULL, '2018-11-08 04:51:37', '2018-11-08 04:51:37'),
	(96, 'Genesis', 'Romero', 'genesisromero', 'genesisromero@cecar.edu.co', '$2y$10$Ju0rV2a5s/r1PpmdrGHpSu32o2kxVUhwLRELpjwa8lRSb/IzKT8mG', NULL, '2018-11-08 04:53:35', '2018-11-08 04:53:35'),
	(97, 'Danna Michell', 'Navas A', 'dannanavas', 'dannanavas@cecar.edu.co', '$2y$10$HeilHeFcj5cZq1Bz9tUYBuZVnhNM1vQAf98VitzVkvIsyFJoPD6bG', 'ICwv2R97Knz9nQhdA8N9N5RIAoA6aOilReJ2UCbnqHVQ364ZIEHxSVBo2zZZ', '2018-11-08 04:54:46', '2018-11-08 04:54:46'),
	(98, 'Lineth', 'Paternina Perez', 'linethpaternita', 'linethpaternina@cecar.edu.co', '$2y$10$v8J5RkMTzJYs3sXtuW7FS.w3wUTLy1AQPaGJdZBuHFoeLE3IgQcqa', 'znom8yFmLCH16UZysg4KIEVtPb32PWDxF201XszaMMm5vRJojmG7PGEWqnbd', '2018-11-08 04:56:03', '2018-11-08 16:29:15'),
	(99, 'Daniela', 'Garcia Cuello', 'danielagarcia', 'danielagarcia@cecar.edu.co', '$2y$10$g6NakP5G8KibGrCqtf9kj.J/txCUO4HwtvUZQKjVzfc1Q1wPBlueS', 'kv1dvbcr52iYDpr4gGpMomFFbWkEjZKbYKKy6ESxUmVk8zMT9ZowIT5mgOFa', '2018-11-08 04:57:03', '2018-11-08 04:57:03'),
	(100, 'Usuario', 'Prueba', 'prueba', 'prueba@cecar.edu.co', '$2y$10$EdnoHbarrEGxWCqUVmP5ouwK9w0b/eI2dvcDi6qvstbfSaXFMObTa', NULL, '2018-12-07 21:05:00', '2018-12-07 21:05:00'),
	(103, 'niño prueba', 'Prueba', 'ninop', 'prueb@cecar.edu.co', '$2y$10$1gu4Gu188JCyM4mvjGRwYutOk.MfL61TifxGifdZxL7chAC.UVahS', '7dP5pL05dX14jhfRIyqqFgxy8tFVcMxch6Q6U3x15giU7iSrhqS87v77mA8E', '2019-07-03 19:24:30', '2020-10-03 14:55:43'),
	(104, 'Monica', 'Herazo', 'monicagestora', 'monica.herazo@cecar.edu.co', '$2y$10$A4GVIZV7b0i6U92fj8ze1.Z9PlHf5TWO.jqbytF9IDnRak5f8NdvK', 'BXjYWoHyIeNwZHGNsv36PbTeYQ0yxDkmv8iWE881yXxRuZHBqc4KBeNGfMA3', '2019-10-15 21:12:16', '2019-10-15 21:12:16'),
	(106, 'Leidy', 'Rodriguez', 'leidygestora', 'leidy.rodriguezh@cecar.edu.co', '$2y$10$btW.kHfcp4koQ/tUkD/Uz.IlcF4XCoyE0sUzu9LBPadzSyvg0FmQa', 'go1GOlRTo6FDgsmCYXJ5uK4oHQTtTB34t6KeYd8tLtKaT2Itc831nCDrjtgR', '2019-10-15 21:13:59', '2019-10-15 21:13:59'),
	(107, 'Ana Maria', 'Garzon', 'anita', 'correocolegio@cecar.edu.co', '$2y$10$hi2hUEn3tVqHFZ.MIK5A8euWNLqpJX35i4x2KAQfHhj7SyRXAC.Ti', 'uloMgqYj4tZE7n6kKyLoukZv019VVvpAJlhiQWnqvWPuYEUWCn3tGAFx2vKh', '2019-10-15 21:17:48', '2019-10-15 21:17:48'),
	(112, 'Michel Carolina', 'Agresoth Beerrio', 'Michelcarolina', 'leidy.rodriguez05@hotmail.com', '$2y$10$D.45beSD4SrBTqVLlOxyKuWzis057VoekQsz.ICr4In9XmglEuCBy', '6j77VgIQrAYLeiXf5bYNFZgQ5hEbqKajGCz9IRjxbsCOY1JGhBZKvkacI4hL', '2019-10-21 15:09:44', '2019-10-21 15:09:44'),
	(113, 'Monica', 'Herazo', 'Colegio1102', 'andres.bertededdl@hotmail.com', '$2y$10$p/DIeGbBVAxaSb4AhNtI2ui3QVoepc0F8YNt2nYopmxRbv077Eod.', NULL, '2019-10-21 15:12:34', '2019-10-21 15:12:34'),
	(114, 'Nicol', 'Berrio Torre', 'nicol0912', 'nicol0912@correo.com', '$2y$10$gS.SPMp/rJnBqZbWvzwrnuooqNed5Dp18vng8z6YcGquKwn/B0hmm', NULL, '2019-10-21 15:24:12', '2019-10-21 15:24:12'),
	(117, 'Elvis', 'Cardenas Duran', 'elvis0705', 'elvis0705@cecar.edu.co', '$2y$10$QTm7AnudoVq192DiaOwGles4s4jT6OQkRzTmfBPf2HRSYNyk298Bm', 'FqCnLSMPNNBPUt5bU6aKlxdfYH5w37JXFPz0SPftk9StiYiR6DbAxurfKLLU', '2019-10-21 15:30:07', '2019-10-21 15:30:07'),
	(118, 'Melany', 'Cardenas Berrio', 'melany2005', 'melany2005@correo.com', '$2y$10$Rs8M7ptdlz8l/m0.V/i4Wugn1kEtwIryFvH1vIi8onqj5RohYlOXS', 'qsW2XGfQboo9pHvBrJ1aKwkoVoW0YaBguNKaAojubc9fXTmh8KZ5k1RcOSDu', '2019-10-21 15:32:09', '2019-10-21 15:32:09'),
	(119, 'Johan David', 'Cardenas Julio', 'johan1705', 'johan1705@correo.com', '$2y$10$.0P/L3OSZb5iFsYKT6JJiOJLzD1QueH9cI/IteHhko9c9bMwYrTEi', 'eqoIJHtDXUCmDtd4P8YLj63HVQdLeTEO4ijRjXvmYILsBvRk1pBXR7UObqWx', '2019-10-21 15:34:04', '2019-10-21 15:34:04'),
	(120, 'Maria Fernanda', 'Cardenas Perez', 'mariafernanda2203', 'mariafernanda2203@correo.com', '$2y$10$xSyKsUl9kraia48UoJYitOEPhXFDVzQBHVuRMEUVi.L7tALzPRvzC', 'hfixsg7O4TOG3IqyEXraRrySxD2E17pWu8cfv7F6VIEVjXN18hEBiO0zbmNx', '2019-10-21 15:35:20', '2019-10-21 15:35:20'),
	(121, 'Maria Camila', 'Contreras Torres', 'mariacamila0407', 'mariacamila0407@correo.com', '$2y$10$mAScQ23ItQHWgYlcLwQnWe7NFwl2x8tdPDHwneDrrdJ9uRLSIuFCq', 'uEyDIzmpCIFCwkdof4DGjYDImuqjsa9H6gXVcgl0t4lLfuul4pHX9LiKivaM', '2019-10-21 15:36:44', '2019-10-21 15:36:44'),
	(122, 'Perla', 'Gomez Cardenas', 'perla2402', 'perla2402@correo.com', '$2y$10$KDbE/1.7FXTwyXeeRSW4U.74nvFuqsiTI6hGEQoAA3CQx187FHfJe', 'quIFU25ab6TD1kRvtTvFOkIFdKKuEdJUxEpW5O8Po5MlJKJuQaG8CKwMleHq', '2019-10-21 15:38:29', '2019-10-21 15:38:29'),
	(123, 'Jose David', 'Gomez Montalvo', 'josedavid1703', 'josedavid@correo.com', '$2y$10$f4e6ESc5Ay0ZW7Tqv0ONTu2UMD4gynEk2A0Tvon.1cZFkhyVIl1Oi', '6Iivy8Z7jQFMvpL4uwRjbayVRbqwMalcaVq3zpns0kSNrCT05NXxE8IeMIeN', '2019-10-21 15:39:56', '2019-10-21 15:39:56'),
	(124, 'Iris Margarita', 'Gomez Duran', 'irismargarita1209', 'irismargarita@correo.com', '$2y$10$94FiSeWpy.5B5S3FfiWdpOdKGVMssSLSZfqOSfvr8zFbNh8U6pGIy', 'i62ZZ978NqAFhE4eZ2GlFiHlgPiYuDUArgQuPffJPXwMTvNvOvHY5SQmRjon', '2019-10-21 15:41:16', '2019-10-21 15:41:16'),
	(125, 'Genesis Josefina', 'Gutierrez Paz', 'genesis0112', 'genesis0112@correo.com', '$2y$10$.QaKeTi5Ik41vx/kpkpS9e.bP4geQAat7hC9SwCJB3AvG3LpJYTBC', 'hrIgbbvro1vCTs1DKGDf5vSaNTVxKnUo5Pu3TsOai5x23fgRoeL02N3mTpYQ', '2019-10-21 15:42:21', '2019-10-21 15:42:21'),
	(126, 'Yerina Paola', 'Guerrero Berrio', 'yerina0908', 'yerina0908@correo.com', '$2y$10$P2XDbdWUakXTYM/LYB8HquEIO.OgL.A9RvhgsYyRjwHxLWfoMMHuy', 'rP22wZFUXGrApYrmMZ2B4ooHIiCld0H1O2OZHFEGcdUWb6LTOOulTThXMF4z', '2019-10-21 15:43:42', '2019-10-21 15:43:42'),
	(127, 'Maria Jose', 'Herazo', 'mariajose1002', 'mariajose1002@correo.com', '$2y$10$NDw5Bg0tg2EXJ7.109pVJ.8WPkus03YrNjRipQmzhlex3jr8AmWze', '9sSqoFuMviOFLgIWkJkvkn6R45GO6vt4St3bckP0s71bGM6V9QPZYPcbxOMQ', '2019-10-21 15:45:05', '2019-10-21 15:45:05'),
	(128, 'Luis Angel', 'Luna Figueroa', 'luisangel2111', 'luisangel@correo.com', '$2y$10$5RQGjwrQecgmMr8Qkhcs9.GNY7X0fpzLSxjLFO.r1Agcuug71LMXi', 'Os9bfPhwEgOOONIWEOd38vfPRgtlfXOl5dwKeGXFYDWzUi89mojU7mdWucUT', '2019-10-21 15:46:24', '2019-10-21 15:46:24'),
	(129, 'Haron David', 'Morales Ruíz', 'harondavid2503', 'harondavid@correo.com', '$2y$10$yYFy.I1.m01XH1.1WcqDHu7VqwH/92tJkASXoTyb6eogn0fcRov0m', 'aBPWkKppaJghIh0tK6sdcsDAy9bYJFMHeXobC0JBpL1dxWS2xW7177hnQ3pK', '2019-10-21 15:47:38', '2019-10-21 15:47:38'),
	(130, 'Luis Alfonso', 'Perez Julio', 'luisalfonso2303', 'luisalfonso@correo.com', '$2y$10$9Tp6N8gC.r2CMOP7iZbGIuLCBFkMf1sDM5LKJgaKx.cbdHCrRECre', 'wmLG0GtOBj12vUBK6ffL7xQEsMDzo1rrjXJwGsGc4lpUOtuMglvCuSfIuCPt', '2019-10-21 15:49:50', '2019-10-21 15:49:50'),
	(131, 'Elias Samuel', 'Ricardo Berrio', 'eliassamuel1312', 'elias@correo.com', '$2y$10$NEsh1FNtWGfmeWuCDtNzauDdhVYQXLN2Ol/2jlWRN235lgcX85lFC', 'tIePpprBjDsIiGRzWvsJmvSYzDSEpceaixUg10hDX8XCZ6q4ErJAcsMgHiVd', '2019-10-21 15:50:49', '2019-10-21 15:50:49'),
	(132, 'Franchesca', 'Rincon Briceño', 'franchesca1609', 'franchesca@correo.com', '$2y$10$vTn1ZbrihEL6JxHFO2ux2eQxeuaAHq35Z5FwfdRr20I.bNaebxJsC', '7iqLneebGiP03oEm8U7qhfEADqtxCOTsl1E1R31XZlJmhc3DtDcceUyWvw0P', '2019-10-21 15:51:57', '2019-10-21 15:51:57'),
	(133, 'Diego Andres', 'Ruiz Gutierrez', 'diego0505', 'diego@correo.com', '$2y$10$vCoPDonOdroaVv3gnoD8Ae4KsiLL3u83F8GfGPFbVS/x1qdlgbYPa', 'Rsxcrju0kOUqYHrsXc5tPyS1Gxk0Z6yovQ5PIdAMgc0vc11VYnPVueVZ9OMt', '2019-10-21 15:53:07', '2019-10-21 15:53:07'),
	(134, 'Aaron Steven', 'Salazar Berrio', 'aaron2712', 'aaron@correo.com', '$2y$10$/3n5vqQ6ZJTp4KYFtcVfsuv6f.wXHhsGSLfxzPh4bGAqqC9ca5wXu', '2DS01guE67WRsWsoR7mhFzi5hMWnlRRAm8vZIp1mIUZAO42cjH302MU5UDpb', '2019-10-21 15:54:42', '2019-10-21 15:54:42'),
	(135, 'Samantha Sofia', 'Salazar Berrio', 'samantha2812', 'samantha@correo.com', '$2y$10$n4wrAFYUsV61ZN1sXlAeROLH0epHNNy9nQzjkroYPIwYoQj0LSqUG', 'NE3ZznOCF7B7vMyk32dpqsuvkDUpSmQHQOJHJQPUV7GncTa2tiqUiqAGWAoz', '2019-10-21 15:55:45', '2019-10-21 15:55:45'),
	(136, 'Luis Manuel', 'Salgado Herrera', 'luismanuel 2502', 'luismanuel@correo.com', '$2y$10$KvpYj3wg2p/9/mUs9vkbJeTVLWQg0XLY188n1MC.z8j7eJEZGioPO', 'gSPUt2bQSFgKAncIfsbN9hvM20JvgFQKI7iFxSodZ3UvbfEualKBAimBADWw', '2019-10-21 15:57:28', '2019-10-21 15:57:28'),
	(137, 'Jesus David', 'Silgado Duran', 'jesusdavid1110', 'jesusdavid@correo.com', '$2y$10$ZkxKCGzL/Jnqp43JWdfYyec7HEGmbV349h6NccU2RDbZD3KpupSLe', 'pdmisWh0p2dxB6nM6Tj6G26wnaMqJhiE1SKhB75scnHOj9aHxp7d6WDU9olV', '2019-10-21 15:58:49', '2019-10-21 15:58:49'),
	(138, 'Yiseth', 'Suarez Ruiz', 'yiseth0707', 'yiseth@correo.com', '$2y$10$gfDLPBoGBOKXgeBoOA9PNenk97mbq/e0mNOG3D28F2JF5L1AUkASi', 'KxN7TjOES3jgcVZOFUxwKduWTswqI8uLXJkIWRgsXNPgCZZZcpk9tyRh1dtx', '2019-10-21 15:59:45', '2019-10-21 15:59:45'),
	(139, 'Karol Cristina', 'Tejada Figueroa', 'karol0706', 'karol@correo.com', '$2y$10$oMgILxivEdNDt2SPo6HMTOjlsNKoYD5Masp7ucyb2Sp.tFo/jRyxi', 'Paep1nN6VJyS4MWWNaAqd1iLXNddM07QT4Pvu8sluchi33muRkZSmFAnoDgJ', '2019-10-21 16:00:46', '2019-10-21 16:00:46'),
	(140, 'Jhon Felix', 'Teheran Teran', 'jhonfelix1703', 'jhonfelix@correo.com', '$2y$10$rTxu0enYEANxj/H4COB7pejrB.HO8620BM6E7Pkc6Lp9/vYR/Bq6C', 'Fa6zXSFPvnewALbHS5oOCCsbVW6Y5hn2rRKqFGUbMbt5QTaTSskJ039HCasZ', '2019-10-21 16:02:11', '2019-10-21 16:02:11'),
	(141, 'Martha Cecilia', 'Torres Solar', 'martha0810', 'martha@correo.com', '$2y$10$OROuYcZVV2r4FKXx6KnE7OFdXWllNk3WHNO6LVeeIaBJV2HcvPykq', 'm4gSwhSNbjpxO3GcOwgp1oadMlAPZXUWDdbw6DwDGPgKBMoN3atBSFNoVH80', '2019-10-21 16:03:15', '2019-10-21 16:03:15'),
	(142, 'Yael David', 'Vasquez Theran', 'yaeldavid1906', 'yaeldavid@correo.com', '$2y$10$GkJ5qCxZ2CEl/A16tGUSK.ASUUGT85APeB8B7ZQ5HhJvCwpxkbva.', 'ODzqNKRe5TfF0FeVutZU69gn12dy6zXMrOpMkYpTx6kys2KPsEtToZslpyYW', '2019-10-21 16:04:31', '2019-10-21 16:04:31'),
	(143, 'Bleidis Marcela', 'Arzuza Ruiz', 'bleidis3105', 'bleidis@correo.com', '$2y$10$A.Z/5EwO78jkTTKlqcLNRelk94FR9svCfiNYMFdiQ95Mk0J//VaPO', 'Bxg974MzLezbQ1QbL6KiSNHMLiEc4SBYutfiwYQwGvcJTCPESb9mAZVKcxzC', '2019-10-21 16:05:37', '2019-10-21 16:05:37'),
	(144, 'Jose Luis', 'Julio Julio', 'joseluis1511', 'joseluis@correo.com', '$2y$10$RWZbJUeIlyDnhFj9ewBmIeEdkRq/xO2jNecsMxbVYtzoXYeG1CmVu', 'A7C0xGJBUi2QKwMDVIO9fJKtu7RdnWBpydoIyQa31UIY9Mg1sblp1gQLEWyk', '2019-10-21 16:06:42', '2019-10-21 16:06:42'),
	(145, 'Michel Carolina', 'Agresoth Beerrio', 'michel0312', 'michel@correo.com', '$2y$10$QTzS0..rI.vIpnibLMAB3OocXhq391.ZV/2raWmbtEZbEWETupAk6', 'xH7KKrsm3jvy4UuObFwpxiC9dfcNvxMb8HYYhhcc1wnyZIhuzKQBy84EXYuY', '2019-10-21 16:08:29', '2019-10-21 16:08:29'),
	(146, 'Nicole Sofia', 'Acosta Ozuna', 'nicolesofia1010', 'nicolesofia@correo.com', '$2y$10$IMVOihqI8ehBzjhUo52brOo9DLGOGyeNsB0C2DOz/QkayS9Hyus8q', 'XpaA2EN55DVwtSIXmdEuQS2tovrO3VZys6n5zng331GnonrXYaeKhfGpzaGl', '2019-10-22 14:37:59', '2019-10-22 14:37:59'),
	(147, 'Enderson', 'Banquez Blanco', 'Enderson1008', 'Enderson@correo.com', '$2y$10$BZ4lDiFCVq3XLiSL6FGgTum5wnCH4/3MX3Tchqht6HcOERyewzfKS', 'WWjGrb9ZLr7rsO9egkrHwRmooNgPkHPyOk1K1picXBypepmDIhB52QDPdbsB', '2019-10-22 14:41:23', '2019-10-22 14:41:23'),
	(148, 'RICARDO MANUEL', 'ARROYO HERRERA', 'ricardomanuel2102', 'RICARDOMANUEL@CORREO.COM', '$2y$10$9Rilhj3RtGedjm3DB..mNeDgWMS8nC9rI1DR0sKyUM9FLfMDe8uDG', '2mWi3DrCiJEtgpHPl2xzwp1LihtbJMzEMTst52t8KGEWPqpWBgzu5b0n66ka', '2019-10-22 14:42:42', '2019-10-22 14:42:42'),
	(149, 'FERNEY ANTONIO', 'ATENCIO SERPA', 'ferneyantonio1510', 'FERNEYANTONIO@CORREO.COM', '$2y$10$YAIo3qZm4fCvzvaltUFu1e.EGKtv/E87P01U3SYwkbx2Ft0G9OVG.', 'g43y7aMyM7NBKy5Hk6wbt0k2XHUCRl32AAuw0pioNZ3QvVkPnu5nebe0ub59', '2019-10-22 14:45:57', '2019-10-22 14:45:57'),
	(150, 'marianni', 'banquez rodriguez', 'marianni1008', 'marianni@correo.com', '$2y$10$GGHDUqsOMLVzNSNRowczf.qqj9LKObFXyI2og0zTjuw0lRX0bZ7q2', 'Cbww87kr0z3byBrOJ9C50KengxNOiwyTYVcDdVjcOZSrD7Vt6teeiL6VaJj6', '2019-10-22 14:48:48', '2019-10-22 14:48:48'),
	(151, 'MARIA ISABEL', 'BARRIOS BLANCO', 'mariaisabel2812', 'MARIAISABEL@CORREO.COM', '$2y$10$9WtVmL17V19Wkn5heTMU4.BkgB0Gz2TrMYR8wJw2GBjYKidJwkse.', NULL, '2019-10-22 14:49:40', '2019-10-22 14:49:40'),
	(152, 'carlos gabriel', 'berrio clemente', 'carlosgabriel1602', 'carlosgbriel@correo.com', '$2y$10$hTobZlx00mGKwDO02GHNW.0/NU/HIudhDJn45QpqZW/G0YElUBR5W', NULL, '2019-10-22 14:51:36', '2019-10-22 14:51:36'),
	(153, 'FRAN ANDRES', 'BELEÑO JULIO', 'franandres0309', 'FRANANDRES@CORREO.COM', '$2y$10$SMxLVhkMmzZF7ejoMQcwZ.4FDhdWCxFYGC7A7NT7RH6vymG9gh2Qu', 'R7xYDmgNn29vIsK7DDJEqYb8B0yuQa562ySRxJOP0oslvpOcV0gGxGRPEcuR', '2019-10-22 14:52:11', '2019-10-22 14:52:11'),
	(154, 'DANIELA', 'CASTILLO BELLO', 'danielabello0512', 'DANIELABELLO@CORREO.COM', '$2y$10$o2NXwd6O.I3PCoFEPg1mg.cUIx/3o/.qeuuO2sQtGUb9o2TeIQote', 'FUgol7j4JW5P1UZxfhTPeLlz6udOtsMYPGDYDmycZ5MogHbaN3rpCGkHbmUe', '2019-10-22 14:54:40', '2019-10-22 14:54:40'),
	(155, 'estefany', 'blanco quiñones', 'estefany0507', 'estefany@correo.com', '$2y$10$/eT69lT/ps5FAcz5PQK2/OCXj9GqLrjxA6VFmD/JKvRfMHsEYZHEq', 'XQ4HKwRg4ICnsx2c6DooEzYHPxuZm4XLxKvfyMx5didlUwU2c1HfsLEPCX68', '2019-10-22 14:54:45', '2019-10-22 14:54:45'),
	(156, 'kevin jose', 'blanco quiñones', 'kevinjose1211', 'kevinjose@correo.com', '$2y$10$9izFEfeSGx/DaeKZewiq8uk.3Bn/Ttc6N5MadynbbrJIi7ZP7eqPK', 'bD9YkKrPiLdUtUg2RwyWM2lO37EKg6cGT04aAUkEMMA5JiGIPJ3AsjnNwtLq', '2019-10-22 14:58:02', '2019-10-22 14:58:02'),
	(157, 'YONAIKER', 'BERRIO JULIO', 'yonaikerberrio0501', 'YONAIKERBERRIO@CORREO.COM', '$2y$10$7rqj/.rHTyrYeo.GGLit3.h6dvzHl1qpFbTuknakvTj9UJjs5mQGq', 'iVnkLtQh6GyMVfkONSyAHvWpHji3bsYra0mb5nxyYBshALd97Hml5OwKNDHL', '2019-10-22 14:59:04', '2019-10-22 14:59:04'),
	(158, 'yoricel', 'calderon juio', 'yoricel0807', 'yoricel@correo.com', '$2y$10$sCyvCN3N6eKfpXs0JQRPeeri26JH5wos2y2cMkSUhRkuhRxuu175i', 'UWmxIB8q4NhvJVhODndTmZsFhQ4nbgZ3jH2mDpTGmoqPJj6tpMU9oUXLax4g', '2019-10-22 15:01:08', '2019-10-22 15:01:08'),
	(159, 'LUIS ALEJANDRO', 'CASTRO CARDENAS', 'luisalejandro2711', 'LUISALEJANDRO@CORREO.COM', '$2y$10$jkbPy2Muqq0l/CEi1LaixuQOujgdpkAbqhOJCyLkR6FtUzpGMcphm', 'oBlNg1hY0t9BzXDgIVNnkBKivlOOoMSszPdAQ0rfPMXdbyiO2JnGg8gxaEYR', '2019-10-22 15:01:35', '2019-10-22 15:01:35'),
	(160, 'SANDRY JULIETH', 'CHIQUILLO BERRIO', 'sandryjulieth2712', 'SANDRYJULIETH@CORREO.COM', '$2y$10$ozdX/Uxa4bDiwqQof8t0uOMFYfUwE1OGR1e.CZhxk7OawCKPLVKR6', 'yOkbldXW9STBhXUD9GLMhvYoy3P9TeNQQtNFvRH5vCHFlULJuGsgcAVGPTZs', '2019-10-22 15:04:04', '2019-10-22 15:04:04'),
	(161, 'juan bautista', 'castro bertel', 'juanbautista0805', 'juanbautista@correo.com', '$2y$10$hCa8SB1lYKbhXelQBluiaOwM.ze3vDEEV4giUUlM.9gHCFcSLyUti', NULL, '2019-10-22 15:05:40', '2019-10-22 15:05:40'),
	(162, 'ISABELLA', 'DIAZ JULIO', 'isabelladiaz1910', 'ISABELLADIAZ@CORREO.COM', '$2y$10$IYTdW7hnsLAdllQfu/njkOnmXC7sWsEQMJR44UsyRiEmpCwAsEdoC', '5IoCBqdUZnm8MjrcoYJQPPRgSmPcEs91KOXbkEnMnDP5aNSiQEiRHGKJjPX1', '2019-10-22 15:06:25', '2019-10-22 15:06:25'),
	(163, 'yoiner david', 'castro medrano', 'yoinerdavid2503', 'yoinerdavid@correo.com', '$2y$10$.e6WMknE8YcaORdHEUxbl.yEZiHRgB.YCyRfrgMB1yb7twSGkyUmW', 'mGkyWvwvechjwDoGZkToD5NyYbzZZAEidX83G8XyZTcvBrYerZrceLCAMSt4', '2019-10-22 15:09:03', '2019-10-22 15:09:03'),
	(164, 'KEVIN DAVID', 'DUQUE MEJIA', 'kevindavid0612', 'KEVINDAVID@CORREO.COM', '$2y$10$hqYKbm6qU7zvVbaW.TBtoeB9bgv0VxFb91Nn2bRsVPGfz2pm3md7y', 'rFecadWMfKpME4qxUb3mnOnu5E5tnYvX3DKGw8mO8ewUS2XVNPOMgpuHNEk6', '2019-10-22 15:09:21', '2019-10-22 15:09:21'),
	(165, 'keider alfonso', 'extremor julio', 'keideralfonso2109', 'keideralfonso@correo.com', '$2y$10$6IZX3DEhK15gvMtjADlu3.RNaxliLHLBbybd0jgoZqgdmdtskCwDm', 'nzTx1qfctZeVUTu4Qmix1d6sRQhvTxmI6n33DJgW3KoBErnROlBoo3E7TWYQ', '2019-10-22 15:11:22', '2019-10-22 15:11:22'),
	(166, 'LUIS MIGUEL', 'DURAN CAICEDO', 'luismiguel2907', 'LUISMIGUEL@CORREO.COM', '$2y$10$XDPSp3hj.HbDEGJel/nByOIU7dEjVQodFfwWjhzB8HAPE3VkKheka', NULL, '2019-10-22 15:11:35', '2019-10-22 15:11:35'),
	(167, 'IVANIS PAOLA', 'ESCALANTE CHIQUILLO', 'ivanispaola1702', 'IVANISPAOLA@CORREO.COM', '$2y$10$Yf0aMv85xo/vEOBwkTL6Le6grsekiRq5U7rO4ctl4sHaLqPhEUtwq', 'yGQI4QWYobLIvbZM1qKjokPTkucy9FUUSNlFTAt2ozVPU0TennUCAMk4eFsr', '2019-10-22 15:14:02', '2019-10-22 15:14:02'),
	(168, 'juan david', 'garces melendez', 'juandavid1706', 'juandavid@correo.com', '$2y$10$YIEnxQG3X6swSldlZkWzTuoz4iTG2aGJB0PSqllkMkIaBfLnepfM6', 'BjmHChEDKdirgcv9AWNHaydPqGZdwHvJlLmuFdcyWsddXT0p3xnY88Z8IhDl', '2019-10-22 15:15:39', '2019-10-22 15:15:39'),
	(169, 'SAMUEL DAVID', 'HENAO MENDEZ', 'samueldavid2401', 'SAMUELDAVID@CORREO.COM', '$2y$10$f225ZBO7NM7SaCE.44/W.ew2Y2qTZm2KP62kCa3zzWYS5Ia1WWTY6', 'B3nlwL7oiL7qGpwg6i6GrE1wxOpzBtnY4HttwW3XaCqZwRcpqCoclu7Q9MDv', '2019-10-22 15:15:59', '2019-10-22 15:15:59'),
	(170, 'carla everlin', 'gomez rosa', 'carlaeverlin2805', 'carlaeverlinq@correo.com', '$2y$10$piw7WDlJYJjLVpIR6EYnwunofbrOno3bAeIXGkPscUr1wwqy1zmd.', NULL, '2019-10-22 15:18:59', '2019-10-22 15:18:59'),
	(171, 'MILAGRO DE JESUS', 'HERAZO AVENDAÑO', 'milagrodejesus0109', 'MILAGRODEJESUS@CORREO.COM', '$2y$10$TukLIVuScq8T9ct4nEc9Y.j0edSvYy7yJQXOuTsruWXY1wA.FiQnK', '1ceG583xOhHRYSSUjmuISQxxFO7c0nU6kgVQwRMu4FPsZdfHARSTlvICEH6e', '2019-10-22 15:19:04', '2019-10-22 15:19:04'),
	(172, 'leanis', 'julio pitalua', 'leanis1008', 'leanis@correo.com', '$2y$10$DwnXPiJQ.Iz1ZefK6/lRVOZYDuK.ldM4NBnG0KTJG4NMxKhaO4v3W', NULL, '2019-10-22 15:21:54', '2019-10-22 15:21:54'),
	(173, 'JORGE LUIS', 'JULIO AGRESOTH', 'jorgeluis1209', 'JORGELUIS@CORREO.COM', '$2y$10$NnAzS16AgL1eFSE6lEvDqukWu.S5DbGyE.f83F.KP/CeLXihoyHTe', 'mguSGJvPxkqG68UjPk9yO7IuXUIO9bxCI8Lp0U4QE6FvK45u5jtbxKADw6dg', '2019-10-22 15:22:20', '2019-10-22 15:22:20'),
	(176, 'rosandry', 'julio tapia', 'rosandry2010', 'rosandry@correo.com', '$2y$10$/E7hugvPqHbgSyh.J97c6eOx.GeFS1u.eNRm8SZInhycjRYiJfWF6', 'qOWwGmIMdxspRuu5VSAos25Hdi4sTNR91fUWC2RZzDjxWENQPDbUdVUXv6ut', '2019-10-22 15:25:40', '2019-10-22 15:25:40'),
	(177, 'LEANIS PATRICIA', 'JULIO RIVERA', 'leanispatricia0804', 'LEANISPATRICIA@CORREO.COM', '$2y$10$tr3mt3Agl3sW69hPpCN.8e56xsqWc.m55krKmm3tKH0AuapDdkdOq', '4pLDUFpfGXFCF6vmPzYAXc50Dux2P9t5FkZUZjgn2QNHmbR5UIcRM2S22pTB', '2019-10-22 15:27:22', '2019-10-22 15:27:22'),
	(178, 'julian david', 'lopez torres', 'juliandavid1811', 'juliandavid@correo.com', '$2y$10$GwoIn6xzfqxW74l.5gVq5uQpjXzRZVtSd798P4zucHpQpKMUr8OX6', NULL, '2019-10-22 15:28:17', '2019-10-22 15:28:17'),
	(179, 'MILLER ANDRES', 'LARES BLANCO', 'millerandres0412', 'MILLERANDRES@CORREO.COM', '$2y$10$ueJ80zbrpq.3qkJPfToGhePEcBAFwjGOMKkAmfra3whz8dLQSFqfq', NULL, '2019-10-22 15:30:31', '2019-10-22 15:30:31'),
	(180, 'darielis dayana', 'mendoza gomez', 'darielisdayana2704', 'darielisdayana@correo.com', '$2y$10$KmLVDqB44PPWKB.N9y.YdOQQzYNOKlaVQTl8YYFNh3fNlMWajgUeS', NULL, '2019-10-22 15:31:55', '2019-10-22 15:31:55'),
	(181, 'JEAN FRANCO', 'LUNA JULIO', 'jeanfranco2512', 'JEANFRANCO@CORREO.COM', '$2y$10$bzwJhjuv.OHJIBpW6P61cehhO2BS4ts8O8CxF5BQ3NLTPMemRIOLG', 'mvaGGLj7gZzwQyYrKXyyJ4VLqsXFJEFvQiszqALpAkxHn9FnhES9FXZEXadP', '2019-10-22 15:33:39', '2019-10-22 15:33:39'),
	(182, 'wilber', 'mercado torres', 'wilber1301', 'wilber@correo.com', '$2y$10$MsHiymbiQ9Pn7rqZDLcKO.7A4datCqVhjfA8J2/8cHvAT1pgNLF2e', NULL, '2019-10-22 15:35:19', '2019-10-22 15:35:19'),
	(183, 'KAROL VIVIANA', 'MARTINEZ ALCAZA', 'karolviviana1301', 'KAROLVIVIANA@CORREO.COM', '$2y$10$iJ3CpXGO9tdCV8NAJeryiOW204aX88GKcGCmtsyopz73EYmXBTN.q', 'b4Yy1JqqFebpVRVOe8yYIofiicy4sPoFYvHV0Er31wvPDpPcnq7vmVM1O9ZZ', '2019-10-22 15:37:40', '2019-10-22 15:37:40'),
	(184, 'mariolis', 'montalvo herrera', 'mariolis2805', 'mariolis@correo.com', '$2y$10$vC/BeOD/EHeVeZWJLqQmYuQpK4s3Zuxc4JRwhOXgUCadTp1tLM/Q.', NULL, '2019-10-22 15:38:05', '2019-10-22 15:38:05'),
	(185, 'Dugleimily', 'Aldana Gonzalez', 'Dugleimily0106', 'Dugleimily@correo.com', '$2y$10$CNgInY7SF.FTVxM0sxGcGuzqP94fEwM31qaEKoXfGHAe.3BFXHFHi', 'UoagV9JCr9K27x5TOgF1YATxTYqmkd6XnRroYzzBX2s9FKWFbSB1dqPw3Zny', '2019-10-22 15:39:29', '2019-10-22 15:39:29'),
	(186, 'SANDRA YANETH', 'MENDIVEL ESALA', 'sandrayaneth2805', 'SANDRAYANETH@CORREO.COM', '$2y$10$3m5uzyQtxad1ApzJsm04/ecRJm5WkKNoRc.hvt40I3py.dvNhPWIy', 'R9Kecnkut83MDyLFIZEFgYVtpXIlIlcCe2dXU0f3e9GCwgFJnzqADuWHTSA4', '2019-10-22 15:40:21', '2019-10-22 15:40:21'),
	(187, 'jhon stiv', 'piedrahita bolivar', 'jhonstiv0801', 'jhonstiv@correo.com', '$2y$10$bBoFtkGMD9K5rDMQjoYYOeu9r/FnJJWu7u6WmikzI96QXeU917M0e', 'o7qx8xblPo2IeTgT9COTPL5LQNh40keVswDy6OQ4gHE1f8x12Hy3TjaZsKIS', '2019-10-22 15:41:20', '2019-10-22 15:41:20'),
	(188, 'EMILY MARIA', 'ORTEGA HERNANDEZ', 'emilymaria0205', 'EMILYMARIA@CECAR.EDU.COM', '$2y$10$Rh5S92p1Yl0YZmjMizQsz.8Gl5Cj.ZTnpiNLYRUwMMJDJtuYHvEPS', NULL, '2019-10-22 15:42:56', '2019-10-22 15:42:56'),
	(189, 'luisa fernanda', 'quiñones bertel', 'luisafernanda1410', 'luisafernanda@correo.com', '$2y$10$VRDpsoDQPCCC99z0O/SSDuz7NqgDBh6st9YMypM8ELMRRcljltqW2', NULL, '2019-10-22 15:44:13', '2019-10-22 15:44:13'),
	(190, 'Diego ANdres', 'Arroyo Herrera|', 'diegoandres1008', 'diegoandres@correo.com', '$2y$10$snzwYTlPBHfDvddi19XjtODd2XOqto0.tFHGoKBeBPhmd6SWLD4VC', 'z8YRkAyLY3iAyiDkDTmwir0KPf5RTWI5EY0GssodXAillYxfxljv9QuIe66I', '2019-10-22 15:44:28', '2019-10-22 15:44:28'),
	(191, 'HENRY', 'OZUNA TORRES', 'henryozuna1902', 'HENRYOZUNA@CORREO.COM', '$2y$10$12gI6qPZOybYhi/atrC2l.qEeAwpMkXhEE7gB8Eirrj3atA1niR7q', NULL, '2019-10-22 15:44:41', '2019-10-22 15:44:41'),
	(192, 'Daniel', 'Atencia Camacho', 'daniel2807', 'daniel@correo.com', '$2y$10$PVy6nD5R95u/dEHrqASAGe4azfbgMsTIVd7F.cGvgizqGyEh.i4fC', 'gXKuQbrcVnfTEahhxEM9VwdYXr2ET3Elyx9TiJPun59NNZJnktAaLxhHx9cl', '2019-10-22 15:46:29', '2019-10-22 15:46:29'),
	(193, 'YINA MARCELA', 'PADILLA MUÑOZ', 'yinamarcela1904', 'YINAMARCELA@CORREO.COM', '$2y$10$8yVdwcac8d/S9uRcXUig2OLFDBsI/RSCGJHvojyTSRNUowMvPklA6', 'Pz3EYDoQmcroFBF0Um1Qqnt5bn9gA3EwJEezFMjOu03Z1hBoB8cSiPReFAtZ', '2019-10-22 15:46:50', '2019-10-22 15:46:50'),
	(194, 'raibelis', 'salazar silgado', 'raibelis2104', 'raibelis@correo.com', '$2y$10$QHhnNoPu7cdBgRHNvj3bKeRcwZN8XRO0.WUa0b3SMZyuTS6fU6aru', 'fzbNRYZeB9KeoSRKBtOz4VqGA40zKkcBFf3fE05vVL0j12JX7ZqlgiqCNVb2', '2019-10-22 15:49:02', '2019-10-22 15:49:02'),
	(195, 'YORGELIS', 'RICARDO SILGADO', 'yorgelisricardo1707', 'YORGELISRICARDO@CORREO.COM', '$2y$10$ngks.lC0Z6kRi/2oM/lICOp33xtjebCU/V2qBLJM0UFHQ14AJVrT2', 'WDb2p8mTqoPk9SLnARo4HwNoOb3QFyWk78AKDAg3C3apoMz5lNJOanrNzPrc', '2019-10-22 15:49:33', '2019-10-22 15:49:33'),
	(196, 'Laura Sofia', 'Julio Bahoque', 'laurasofia1401', 'laurasofia@correo.com', '$2y$10$5LD.iNsBGZZKwv3jyN5oWuGfTmlrzVxulocw0u/.XqROsTrhZjFjS', 'baL1271G8XUFR0gQzdISrxKZiklRldJhQscyTDRlimPa3ysKLjz8dLpmucwN', '2019-10-22 15:49:51', '2019-10-22 15:49:51'),
	(197, 'MARGARITA', 'RUIZ OZUNA', 'margaritaruiz0511', 'MARGARITARUIZ@CORREO.COM', '$2y$10$UPPnYcsvH4.B1Ot2vSg36.gJ2i2usiQGoZmAUBcnwUkPVW8/urnOa', 'xllBBpf36nBlqHQaIz8Q425zlowchYVA2f5sK1LPm5cvWwtq6t2AiKdN5kwk', '2019-10-22 15:51:08', '2019-10-22 15:51:08'),
	(198, 'ana yulieth', 'torres arrieta', 'anayulieth0601', 'anayulieth@correo.com', '$2y$10$sYHAxIndu2pkGDgoMMJHQ.PixU9QawgWNw45XqeaU4lvdRnFkhuJm', NULL, '2019-10-22 15:51:10', '2019-10-22 15:51:10'),
	(199, 'LAURY', 'TOVAR MARTINEZ', 'laurytovar0210', 'LAURYTOVAR@CORREO.COM', '$2y$10$DdQZfv/PtA1.rLMbuLQJV.VZcFgabRj7KYmf2vgksMVb7aMWTOpd.', 'ZGi0oXycgyXWmmnPJEGmdoGleoXsqsMmE2MAR0V67vb4uDqIdaszDG6Xp6IT', '2019-10-22 15:53:39', '2019-10-22 15:53:39'),
	(200, 'Javier David', 'Berrio Ortega', 'javierdavid 1509', 'javier@correo.com', '$2y$10$EZErc55dpvf3bsITuIvYYeQHBLjjUPB7lhaK6pFXc1WqDm4qf5PYa', '6iaeK9y1m8tayTzJRfjcwgssC1D5EhCmBztqQf9PJ7evsibhoOhEp29u0Vsx', '2019-10-22 15:54:09', '2019-10-22 15:54:09'),
	(201, 'norelis', 'villanueva amado', 'norelis2612', 'norelis@correo.com', '$2y$10$C0V83VEt7Qh7f38iA0BHgeYHDGS5VZLV0LaFdodSeedvFFfnxJQNm', 'JRgCbIaKmjTFVqWDbUo9Zqp7EyJPATKMRSRRLMSARvfMpW4fEO3Sq6q97KpI', '2019-10-22 15:54:35', '2019-10-22 15:54:35'),
	(202, 'DULCE  MARIA', 'VASQUEZ DE LA ROSA', 'dulcemaria1202', 'DULCEMARIA@CORREO.COM', '$2y$10$CDuxDCkCC3o.ittO/u.eteGI0GFaBfHLvWxF/r7yadQvPBH4JxaGq', NULL, '2019-10-22 15:55:26', '2019-10-22 15:55:26'),
	(203, 'Luis David', 'Cardenas Torres', 'luisdavid1607', 'luisdavid@correo.com', '$2y$10$4mmBJ6QtioF73jJa9tgTS.AGHgtj8fNquiPyLWRETCpFXEhEUhmn6', '6Gbxs94fQH0fvc2OGR4xrpR4XAMwLYmSTbO3sw2DquIVuRXGyUb8GJjMlLo6', '2019-10-22 15:56:32', '2019-10-22 15:56:32'),
	(204, 'maria gabriela', 'yanez boada', 'mariagabriela2305', 'mariagabriela@correo.com', '$2y$10$lVrhm9OCpQt2T3doNOCKv.EnFR32xFJe.qEHw5G6gXXMNwlSKttvu', NULL, '2019-10-22 15:56:38', '2019-10-22 15:56:38'),
	(205, 'MAIKOL', 'VILLANUEVA AMADO', 'maikolvallanueva2210', 'MAIKOLVILLANUEVA@CORREO.COM', '$2y$10$yI1nYbsNm/IDlaImHUcl3uWFUM9aIWjm9EbHkQaHaG3lksebkp5iq', 'iL0Whl9WyUHAW5GSEN2ttYBZdpOGe923MmJVH7Ya4mIuCcqN9nez4BHWdYsY', '2019-10-22 15:57:48', '2019-10-22 15:57:48'),
	(206, 'santiago', 'cardenas arrieta', 'santiago2006', 'santiago@correo.com', '$2y$10$rMawyAtlK6mhakbkU1/GueRmCKzbtkCsuoWhqS/g3Hpg6jzrHbYWS', '30H7fWOPZvyBIxDv3ezJ1WxJQ5Dyj5s3qBSlQN1bGH9g5cVPDBLFOZjjalAH', '2019-10-22 15:58:51', '2019-10-22 15:58:51'),
	(207, 'Luis Fernando', 'Cardenas Torres', 'luisfernando2405', 'luis@correo.com', '$2y$10$cfGZVHoXQm52.QwGRT5Ycuwpd5QuM4TTgBvvF.N7WySs9ooLrYozK', 'oPKoKrZMFnTwPMfAGL3AQzBbyQoBqcfB6iOen3ZzeQDMIsdqggBYgUQyDqhH', '2019-10-22 15:59:02', '2019-10-22 15:59:02'),
	(208, 'KAROL MICHEL', 'WILCHES GUEVARA', 'karolmichel1802', 'KAROLMICHEL@CORREO.COM', '$2y$10$Z5DJzHcQC7BxAZzVv5EtlOuI4Tlra3SbuX6Y4bdDi5hI9e1jcqd5m', NULL, '2019-10-22 15:59:59', '2019-10-22 15:59:59'),
	(209, 'yorcelis', 'berrio duran', 'yorcelis2705', 'yorcelis@correo.com', '$2y$10$vE60xAQv7M.keSwkSBcPI.aZq2gbRqS6OZt.dPQNhqsEl2eyr8NkC', 'AujxoARr8J9pvNIzu1Ligyp3A5z8KtmjAyS9EX0xLB33IGlfNpaefvzspmk5', '2019-10-22 16:01:10', '2019-10-22 16:01:10'),
	(210, 'sharith  maria', 'rodelo gurierrez', 'sharith  maria', 'sharithmaria@correo.com', '$2y$10$Li4jD.BNp/A5ie/z8.6GmO3UzkZkWFPt1sC3p2FRY.fz3EqQJskRe', NULL, '2019-10-22 16:03:01', '2019-10-22 16:03:01'),
	(211, 'Yorleidis', 'Contrera  Julio', 'yorleidis1207', 'yorleidis1207@correo.com', '$2y$10$vJTW4GNlCs4xqDTP7RZgUeRb4rYWHwsdhaD.ZAkuqkFKIUzA2nXfu', 'HmzR0Q110uJQ5lOgH10cRXRQH4wZQrt76LOwNIlcD6xQYA6kbcHk6UAHC6gf', '2019-10-22 16:03:02', '2019-10-22 16:03:02'),
	(215, 'MARIA LAURA', 'BARRIOS MARTINEZ', 'marialaura0310', 'MARIALAURA@CORREO.COM', '$2y$10$ho2HfCWzuhoF.iUWVgKUL.4G0/fhqj4fHSOE49ZMm3KTdxOY6QIam', 'Dv4wMjLzQv6alBAj4XVv3plxJGEf5ftdCUFyDcJ1nZvt2VfQzagPpUSza6Lq', '2019-10-22 16:05:20', '2019-10-22 16:05:20'),
	(217, 'Adriana Lucia', 'Cuavas Bertel', 'adrianalucia1009', 'adrianalucia1009@correo.com', '$2y$10$C5txHErqPhcdSauV2qY1V.yHs8U/Z4UaUqPOif//3kEQXrHQ.4T9a', 'XwtEpy9GDX1ZQmTL90H4j5nY28BkZ5kNaJ3yMGbx6VOMUP7USTw2kwLjFNNw', '2019-10-22 16:06:29', '2019-10-22 16:06:29'),
	(218, 'IVAN ANDRES', 'BERRIO CALDERON', 'ivanandres0411', 'IVANANDRES@CORREO.COM', '$2y$10$C4CLLuzz30HIC5LANd//muIvPcwxf9WJfrr0uJ0NzuZLxk.TBVH0G', 'cGj9WFjWlSzrhH6v6hYSYoNO5neNWlPAIc9bYu0p8WPbjWEBVJQAewdwv92a', '2019-10-22 16:07:14', '2019-10-22 16:07:14'),
	(219, 'GABRIEL ANDRES', 'BLANCO HERRERA', 'gabrielandres2212', 'GABRIELANDRES@CORREO.COM', '$2y$10$rhqyBLb6n3mz4Xf3jO6kGe/OUDHX2cH5jkXgKGvXBk2Z1PhAKy94e', NULL, '2019-10-22 16:08:53', '2019-10-22 16:08:53'),
	(220, 'Andrea Carolina', 'Cuavas Bertel', 'andreacarolina1009', 'andreacarolina1009@correo.com', '$2y$10$BiHD9sb6a/fArArtPTwd3uZixgH8li1sCUAhZJvNyXEqjwtX2HsPS', 'rQBkfrpgIUm7o7yPqdgSp02Wroue2DRKZ8uiU4V17TEvFgtM00pCI7IR1Oxh', '2019-10-22 16:09:18', '2019-10-22 16:09:18'),
	(221, 'Stefany', 'Cardenas Perez', 'stefanycardenas1809', 'STEFANYCARDENAS@CORREO.COM', '$2y$10$M3kdgdF7ZGoF2NNRUm0tGuioNW53HjgHrzkN7QBsvUdI7XM7aJtDW', NULL, '2019-10-22 16:10:30', '2019-10-22 16:19:28'),
	(222, 'franyeli', 'altamar ortega', 'franyeli2601', 'franyeli@correo.com', '$2y$10$r7J.vzGnwoAE2vT7A2QmVe7/TYA9qGLXxpGH4d.neeaqIQYzP4iTK', 'D6s0Bwma8BUGeXPnjph6Sjm0i1nd7gHnuRszWWzFWDmv8NNqQc8UF2oCDP1Q', '2019-10-22 16:11:39', '2019-10-22 16:11:39'),
	(223, 'Yarei Andrea', 'Gómez Alcazar', 'yareiandrea1502', 'yareiandrea1502@correo.com', '$2y$10$ex/MFZknHB8L095.HnAudu0/b4O.sNGplzOoDw.RWEBqYTW7aJ98W', 'LOHYkSOEQs5qZKE7p1cHhyGu69z8fapv3KgbuBd33SDJcVDjGYPC1oQc3NYX', '2019-10-22 16:13:29', '2019-10-22 16:13:29'),
	(224, 'IVAN DARIO', 'CARDENAS RIVERAS', 'ivandario1809', 'IVANDARIO@CORREO.COM', '$2y$10$aUSyMBUsqZwrstIBc3ysq.vkB5r4yne3QP2TW234Oq7Ag/YzN.HbC', 'Xd8Mf2Bu9rvzRDp1LJKfCGpzRdPzu0vU5Rs7BszpKcNkvhlsNZFvxZfMUe9F', '2019-10-22 16:13:54', '2019-10-22 16:13:54'),
	(225, 'carlos manuel', 'barrios blanco', 'carlosmanuel1006', 'carlosmanuel@correo.com', '$2y$10$Gr3KrqRM3ZLYRwSngh38D.unDP7HdX7vaEOljYnmMOr9lIGqbDCuu', NULL, '2019-10-22 16:15:38', '2019-10-22 16:15:38'),
	(226, 'Camilo Andres', 'Goméz de Mares', 'camiloandres2701', 'camiloandres2701@correo.com', '$2y$10$89Gf.KL/m.8df/vRMdKFiO05xzdvr2zm.VKhq056uIA1.XspQHdiC', '7ypVSbRloAKeq4wFQgtFikZOFgolLHSO4vVKUonKygWdyDnkLCVeOzlqlHwm', '2019-10-22 16:15:47', '2019-10-22 16:15:47'),
	(227, 'MARIANO', 'DE LA ROSA JULIO', 'marianodelarosa1003', 'MARIANODELAROSA@CORREO.COM', '$2y$10$0odh1n1AGz6ubwOSF0s1/O7QFgQGk4eHJRR6BPUO/gbdpjLLAK6vy', 'S6G6TMibt7IwuLH5Bkp0gpAQa95IjhUxkxJvccGD2Rl3lcVleQIGWVClsGz1', '2019-10-22 16:16:16', '2019-10-22 16:16:16'),
	(228, 'EDGAR ALFONSO', 'DE LA ROSA RIVERA', 'edgaralfonso1112', 'EDGARALFONSO@CORREO.COM', '$2y$10$VLwqFvLqpVy64IwcfqQZ3uHIlu1p8f90b7WX553wcCx4YyMo9Z/ry', NULL, '2019-10-22 16:20:15', '2019-10-22 16:20:15'),
	(229, 'Luisa Maria', 'Duran Melendez', 'luisamaria2008', 'luisamaria@correo.com', '$2y$10$osgvLiTdutUwB9UEqUKvgOpVdPGXlaQvlyWYsFyjzSszPCojh/fUG', NULL, '2019-10-22 16:23:45', '2019-10-22 16:23:45'),
	(230, 'Yolimar', 'Barrios Julio', 'yolimar2803', 'yolimar@correo.com', '$2y$10$Hvu2WGe./8vA8EM329DrNe6GMZFZdNqcsihZHhrPwPkpdS2QMG0rK', 't4GXGlUps2vdqkd0mUUg7AwpZ5NTvv834vRjwF9pZSOJTxBzSxyTeql5jcIG', '2019-10-22 16:23:51', '2019-10-22 16:23:51'),
	(231, 'Andrea Carolina', 'Julio Baron', 'andreacarolina1401', 'andreacarolina1401@correo.com', '$2y$10$pBw0jrlCgH9Vr7OArLYN2e6VFk7E176LxKwZqQJMhHvPm0IBd4qmi', 'PbF3si4xn9b0biaAsV3WP4CNCfR5jt8dWlSDTtnIPj9SG3j9ZNLbGDYBdzor', '2019-10-22 16:26:07', '2019-10-22 16:26:07'),
	(232, 'Brayan David', 'Duran Parra', 'brayandavid2006', 'brayandavid@correo.com', '$2y$10$2cw7ScWgfvCtR.gGNfxM5uySbY97NRa4G9e6oMlndINYi4kg57ahS', 'jEohopTeQfxkGTsEDWBQvkUh9v2yrRuUqalMaRR6Zm5BM03BT8c3BGOAp2ZI', '2019-10-22 16:26:11', '2019-10-22 16:26:11'),
	(233, 'Maria Mercedes', 'Bello Blanco', 'mariamercedes2211', 'mariamercedes@correo.com', '$2y$10$zJqiuv.U4.XxEU0YWUsDnugLCCCLW740U2qhRwq4S8kC41zYjUWDy', 'IWKyOaBbQ2pxonLdhCjMCROgXNvl47s2Xq1nApVThrTcQupgwlweqoGsRDOr', '2019-10-22 16:26:24', '2019-10-22 16:26:24'),
	(234, 'Carlos David', 'Guardias Sarmiento', 'carlosdavid3105', 'carlosdavid@correo.com', '$2y$10$Sv7Xd1L2yByvijievKkXFOXIntGuRZ0pZ61xHkcjOHvew3hoBUF2e', NULL, '2019-10-22 16:28:07', '2019-10-22 16:28:07'),
	(235, 'melissa', 'berrio julio', 'melissa1806', 'melissa@correo.com', '$2y$10$9WaDcwKzaMSOwjt/y72bmOuEqRyEPj6dqXOEySY8pxz56p6TfQK16', NULL, '2019-10-22 16:28:26', '2019-10-22 16:28:26'),
	(236, 'Melanis Marcela', 'Julio de la Rosa', 'melanismarcela3103', 'melanismarcela3103@CORREO.COM', '$2y$10$YW02xZmOTKZ8acyhVza5Tu2nEiI2OiZOUOc6YdwNdRImnRxH1C/Xy', '3tds3qgRzM06G4LWv6FKUhHvgX6bPGCkViMTiSAIFB8Jlr8trGXZTizm5yik', '2019-10-22 16:28:28', '2019-10-22 16:28:28'),
	(237, 'Juan Felipe', 'Hernadez Blanco', 'juanfelipe2303', 'juanfelipe@correo.com', '$2y$10$kTiRKenljdMo9QGDtpZSHO.3T2AeW/LihMPIyKbfpIiBraTsYh14y', '43RgVJHhrxKrJMuMUnN4MBcIwaRV1TJGPr04DzsW3XLBFduBRMwmkcn1zl7d', '2019-10-22 16:29:43', '2019-10-22 16:29:43'),
	(238, 'Omorguin David', 'Julio Siolo', 'omorguindavid2510', 'omorguindavid2510@correo.com', '$2y$10$g6VA4Cia.3D4.3j9haIFSumU3Cn8PplldK8NJXIIfK2kjuocYvSjm', 'FcssYvx7tGpduedD3puKim11wOTCgp6aD35W5lugc85GInWud0g5gDcmUyI7', '2019-10-22 16:31:03', '2019-10-22 16:31:03'),
	(239, 'jhonaiker', 'berrio julio', 'jhonaiker1507', 'jhonaiker@correo.com', '$2y$10$8OFHrYhhYRUAheURQJ42fO3e4sTac4h35lNtbJmzEAjRS8lZYkySm', 'E8MQINHQQJnUTai9jmPmXUSJjx04r0YfcCAlxUobfDwz9zUQNYG3cF6zIUEz', '2019-10-22 16:32:00', '2019-10-22 16:32:00'),
	(240, 'Maria Fernanda', 'Julio Vanega', 'mariafernanda1709', 'mariafernanda1709@correo.com', '$2y$10$yFhCumDgcHhIG8VA9HXuTeEQt1Emg9skwW8sCXZjXp4yn8f.j33rC', 'P6P7DqEvL5GGpafRornKv9GM1J9Pe5qe4vwlRNzVEjMc8H2gv29xLuk0vBdw', '2019-10-22 16:33:04', '2019-10-22 16:33:04'),
	(241, 'Yurleidis', 'Julio Rodriguez', 'yurleidisjulio0302', 'yurleidisjulio@correo.com', '$2y$10$Pa87foAxD6v51KKcZhImxeAMkub.dAeS.wXv/tGczPI918qq1iHZi', 'IqOm9qg3M05moE7CaagkBx40TCOuzObK93Eoi2J9yHpkLc0CwLDeDhVigseu', '2019-10-22 16:34:22', '2019-10-22 16:34:22'),
	(242, 'maryaris', 'berrio ortega', 'maryaris1407', 'maryaris@correo.com', '$2y$10$3Zj3RF2w1.sB47U2OJxlRu03z8o4AU/xUv2BGY3qwp7x7W1PcZARi', '0MXs3STpyNQA63P9Ugl1DDUXaxOH3Kc3u6268tlEtgHmcvGP6G80x6sIN9ql', '2019-10-22 16:34:46', '2019-10-22 16:34:46'),
	(243, 'Luis Miguel', 'Luna Figueroa', 'luismiguel1408', 'luismiguel1408@correo.com', '$2y$10$JZSXgsAj7ZWL5gmLQXkPbezzjMGpt9NADTXWtgINbfn4NIEkFgNXm', 'y8xamIREsS4HEPqv20bi5UcgZftkDJpIbbyvFDYkFdbAhiXLM9fBzdMtelvh', '2019-10-22 16:36:27', '2019-10-22 16:36:27'),
	(244, 'Nayelis', 'Julio Vasquez', 'nayelisjulio1709', 'nayelisjulio@correo.com', '$2y$10$WECHs/68k4730gA2aiVyme9vgNCjihAcxzl7kzV998LCnoXm1QJDK', 'TfTPtDSec2SPDq5lL7PwdyOs1VmLcS5ZAWdUOiaIWpdRiuD9ILb7BpKeCEPU', '2019-10-22 16:36:32', '2019-10-22 16:36:32'),
	(246, 'luis alejandro', 'berrio porto', 'luisberrio1306', 'luisberrio@correo.com', '$2y$10$R7HICeYNcY91Kf3urB0L3.BdwZ9utgYRyBMvvx/zkBMCqVjrMOXgq', 'ovVv3r4pauRd1sxRANQN8eF2VEgemQQEGgafXJuEznP7Ow1JMtCCukbrge58', '2019-10-22 16:38:35', '2019-10-22 16:38:35'),
	(247, 'Ariel Jose', 'Martinez  Agresoth', 'arieljose2212', 'arieljose@correo.com', '$2y$10$2XKUZv0/IhoOLJUCCfW8..usLd7Buf4g/jZmK0Nn0NB7BziTh7T3.', 'GVkxKYYsItrOpvTTde4QyzxSWfXSn1UYUUfhOPx6hJpXrMBRKXeXka0gmKtL', '2019-10-22 16:38:50', '2019-10-22 16:38:50'),
	(248, 'Elian de Jesús', 'Mendoza Melendez', 'eliandejesus1309', 'eliandejesus1309@correo.com', '$2y$10$b83kCS0H9OPnrB7M0F2IxeYCq4YCeQFBITZijnG/fxawOGQHd8uDK', '5FfsyoWeEBpMNwlVu8fQ11N7OMHTzTCxbZvvx72ctGwFLXzy3GV5z5mH0Xbf', '2019-10-22 16:40:23', '2019-10-22 16:40:23'),
	(249, 'Ana Carina', 'Mercado Julio', 'anacarina0912', 'anacarina@correo.com', '$2y$10$Q4r7wnQ/KiorhH1Y/s6uO.1ailAWuUPsHbay0MJ5LnhDTW1bt4cAa', 'cogC1IuQVMWPS76eR6fivBAmPnMez1CWb7CY6Osnyf4y7aL8JThK1nUHCtdW', '2019-10-22 16:40:25', '2019-10-22 16:40:25'),
	(250, 'juliana lucia', 'contrera ruiz', 'julianalucia2911', 'julianalucia@correo.com', '$2y$10$dtr0TIj8tjMEGIZn.UdseeMvXJ69yUxhUXNtaUFLrG8Bk2ttMK2ee', 'BqTcDCZYlYgoizN612DmHfvZTAhlZTk0nmBtfPP2EoFWcJ5pMBHiaGLMSEKP', '2019-10-22 16:41:21', '2019-10-22 16:41:21'),
	(251, 'Maria Alejandra', 'Ortega Salas', 'mariaalejandra2110', 'mariaalejandra@correo.com', '$2y$10$BtlOiD/vo8fyTtTb5JwBCu40eMxoDCzbJau2S5D38DWrGWgRLB9/m', 'GKNLkvajBAWkZL6Y4pm4q8H0zLm2hAVsX0VZISqW4ea7hba6KzVXciUvGrKQ', '2019-10-22 16:42:46', '2019-10-22 16:42:46'),
	(252, 'Franyet Alberto', 'Munzon Luna', 'franyetalberto0212', 'franyetalberto0212@correo.com', '$2y$10$WbqAlr75AsIePTat9ELgZuEYgWcENvH7E7bKPLcBzJJ.1WSZFACK6', 'Mp7r856oHcTLxZ2EsQ93zjtT6m5UZ6JauLURECOYQGCmbm26Izm91XD1kiuS', '2019-10-22 16:43:08', '2019-10-22 16:43:08'),
	(253, 'jhonatan jose', 'herazo avendaño', 'jhonatanjose0710', 'jhonatanjose@correo.com', '$2y$10$zAuGV2FuGmuICRbOWEA10egrUTG9xrFeeW3f3L7llYL29YIhc0oOG', 'AAYv0YJNc5PzLfEegKRcB28JEiVwJtc38J25V52L8t7gxlh60CYHeZ2OobUP', '2019-10-22 16:43:51', '2019-10-22 16:43:51'),
	(254, 'Maria Camila', 'Perez Berrio', 'mariacamila0911', 'mariacamila@correo.com', '$2y$10$j0s7sVrZ0ZvvtUOvGtUQEuhFCiadL4IhKp7pTihdx2YoOBf0VGX1a', NULL, '2019-10-22 16:45:01', '2019-10-22 16:45:01'),
	(255, 'valeria alexandra', 'hernandez alcazar', 'valeriaalexandra1601', 'valeriaalexandra@correo.com', '$2y$10$d3yxkAknu.K/Z2UNbNAr3edh284t5/CVhJ5ZMiGeyGNP7puPUh8Ge', 'RnsHXYsHGwLtRdhFXqxnRNEjU9T9WpMkEOrK0P8ImKeVyU0XmUslsneOaBSd', '2019-10-22 16:45:59', '2019-10-22 16:45:59'),
	(256, 'Erwin Manuel', 'Ortega Hernandez', 'erwinmanuel1012', 'erwinmanuel1012@correo.com', '$2y$10$712OQjmkDVFJIb3U0HhseObmMHegAnO88yIgfgQHB3xa/2JkSZjba', '38LhC7YoLQ8wC0JJJnEeM5tu18rV2pf0eKXFRKCeausFDi4rjYTUUMzunvgR', '2019-10-22 16:46:48', '2019-10-22 16:46:48'),
	(257, 'Maryoris', 'Ramon Baron', 'maryorisramon1710', 'maryorisramon@correo.com', '$2y$10$vDcVFJiUI5UuSr3ilH.KfOfVKYoNjqPjqzK5ufHhzZKkY3dHFeAIe', 'LqKCe0kZnTjG5lvKnmeizGU4DTe6LPLYlDdYWOPWVq2PWozdUnea8Rr80EHT', '2019-10-22 16:46:49', '2019-10-22 16:46:49'),
	(258, 'deivis manuel', 'licona julio', 'deivismanuel1509', 'deivismanuel@correo.com', '$2y$10$PkX5RyFiAEPRJ.YHYSoqru44.bboepSTVvp6mN9aHYgnbqEJrC4bi', 'dGd6m7vTxzYqEZRHXpDNLFcZ9vzgHtjutXhJclTi5b3GoGUYvcS1OlMmpshm', '2019-10-22 16:48:50', '2019-10-22 16:48:50'),
	(259, 'Diani', 'Rios Alcazar', 'dianirios2606', 'dainirios@correo.com', '$2y$10$sUFMRCTYKVN9wIikH8NHCO874ByB2fOeNpqurTKhFpYzQhYKQCl9.', NULL, '2019-10-22 16:49:22', '2019-10-22 16:49:22'),
	(260, 'Roiner', 'Rios Alcazar', 'roinerrios0602', 'roinerrios@correo.com', '$2y$10$e9JJuUMLG5R0/ooWJq8PH.EwP1VVSRpKbwpQ9m9YFlZdTFAprdNl.', NULL, '2019-10-22 16:51:07', '2019-10-22 16:51:07'),
	(261, 'Gregoris Jose', 'Lopez Torres', 'gregorisjose2612', 'gregorisjose@correo.com', '$2y$10$mJ8WtZgm/aeAnN9hN5MxG.ABZHps7Zyhh4hO96U3uMtO41WgtBpbS', 'P8KsYq84e1AXsDAt4mqHnlLf71v2yX5mQnVi0ruVq3AcnmrzqFmIormqGKA5', '2019-10-22 16:51:14', '2019-10-22 16:51:14'),
	(262, 'Ever Luis', 'Quiñonez Arzuza', 'everluis1605', 'everluis1605@correo.com', '$2y$10$lq4ZpyFwM9tAe5XEYdJ9zO3vNVZW8Rk5S7.4As8aoEg9ej7/aWnry', 'AS4P0dbuVJz87t199agQ1QIh8v148ji0olV4JUp310AUQrZ5djGHNQILxlDb', '2019-10-22 16:53:40', '2019-10-22 16:53:40'),
	(263, 'Yulimar', 'Rivera Pitalua', 'yulimarrivera3008', 'yulimarrivera@correo.com', '$2y$10$osf2eCOwD6.tm6A0ac0YI.m2.Gncxskc05gVOaoIOg5PXl2WCL6iy', NULL, '2019-10-22 16:53:47', '2019-10-22 16:53:47'),
	(264, 'yaireth kalemys', 'mercado suarez', 'yairethkalemys2009', 'yairethkalemys@correo.com', '$2y$10$OiBoUkAWbS177Hh9Bxjx4e.xJXC1OYV/VZeU02Hu2kMmAIBxfLlhy', '9K65aXAF5PUrfyZ3ffhoHRTgNDUhxpb0OiWNG8SXzy7K1etEa0xJjDJErttp', '2019-10-22 16:54:49', '2019-10-22 16:54:49'),
	(265, 'Nilson', 'Rodriguez Zuleta', 'nilsonrodriguez2802', 'nilsonrodriguez@correo.com', '$2y$10$ZdbyPHKKo8I7VNU7QHOqL.KaoorUWBjE3vpQ3jRj1M25.tl8X1uBK', '1jMnIoNgYuVmeFUW8nTUyLJU9UdSaW7MzMKWxvTJbWjKbxq2dG3uWhvyPaao', '2019-10-22 16:55:34', '2019-10-22 16:55:34'),
	(266, 'Yarinith', 'Teran Arias', 'yarinith2109', 'yarinith2109@correo.com', '$2y$10$FI0u9l2V1azUelcP0y9j1eY6GDK3tsoE4e/gE46vkxLYhaUc.t2fy', NULL, '2019-10-22 16:56:20', '2019-10-22 16:56:20'),
	(267, 'Jose Alberto', 'Ruiz Buelva', 'josealberto1706', 'josealberto@correo.com', '$2y$10$OdmF1D11jyuhhDcxZZ9ntuZ37i8sKbavQ5pZn01bHTz1MvAGBWBk2', NULL, '2019-10-22 16:57:21', '2019-10-22 16:57:21'),
	(268, 'yarlidis', 'mercado torres', 'yarlidis2509', 'yarlidis@correo.com', '$2y$10$R2nBE0.NWwSn25O7oPna/e3Wjwccqshb2cB3U4RAMXMS2mV3H0o..', NULL, '2019-10-22 16:57:59', '2019-10-22 16:57:59'),
	(269, 'Juan David', 'Torres Blanco', 'juandavid1501', 'jaundavid@correo.com', '$2y$10$yoa46O7edMA1dOeGupbx1uY5Em0.dwtIYsP/kyPnM9YAXwC1VxJNa', NULL, '2019-10-22 16:59:31', '2019-10-22 16:59:31'),
	(270, 'roney javier', 'munzon banquez', 'roneyjavier2803', 'roneyjavier@correo.com', '$2y$10$2CU.lWcWtFXE97hR0Wm1aeowEA1OyKTXVWwtk/WUgxC7ZUdmMGqY6', 'MG9gg8E6yhnsJUCaqPSr1e6qYlI80qI9MJCfqk05MKWDaRrxeRTMI67PpVuV', '2019-10-22 17:00:53', '2019-10-22 17:00:53'),
	(271, 'Juan Sebastian', 'Torres Martinez', 'juansebastian2407', 'juansebastian@correo.com', '$2y$10$1HOvyRptpN2ZsIvFKPFe1.wrq7egANkT8hpGsYpVzPwvq0SINU4Za', 'ZEtVdVgwddzXdl8UcRiyQehYJIwgiF5SqnX8RYwWzspUYlzygc25UOlwtQrl', '2019-10-22 17:01:47', '2019-10-22 17:01:47'),
	(273, 'Maria Angel', 'Valero Mejia', 'mariaangel2710', 'mariaangel@correo.com', '$2y$10$nMAyXwu0MI8gFJIepydQjenVD74LsaE6bORf/3DwdQKLXhxUWaJOq', 'M5TNYofhCdLcWqzMMSb7riuj9rYS3F13LZ746IBoYLYm1FcsqUw93m0iuwsS', '2019-10-22 17:03:36', '2019-10-22 17:03:36'),
	(274, 'maria alejandra', 'perez potes', 'mariaperez1110', 'mariaperez@correo.com', '$2y$10$VFp4UhTcvuAW81XN4E/sx./MPtogCEpv0eahPP8Y8RCBuv9WeWUW.', 'd461ECtRxKQpoMkuU4jpRBTHMJ3pDeoquYs4EGAfw4znOOEPBjk50ydfmpGC', '2019-10-22 17:03:46', '2019-10-22 17:03:46'),
	(275, 'Danyis Isabel', 'Venecia Castro', 'danyisisabel0602', 'danyisisabel@correo.com', '$2y$10$rXSKAxXGfuY00s/kQSjBrejHHFMsYdf0EgrZWLiltXdBzna2Y7dLO', 'oTvMEUkE1mXNbxYTKDMwLSkaW8RZXxeZshkNinSHU89Xzde4FM27vENY0DYp', '2019-10-22 17:05:38', '2019-10-22 17:05:38'),
	(276, 'ramon eduardo', 'ramirez julio', 'ramoneduardo1004', 'ramoneduardo@correo.com', '$2y$10$aJfs/f9pSHLR.ybuVinpyu/Ccet/E3QeIAyDOVVgaFf0UjbkuvlMO', 'EkfP0kf4KazZMAxOxxBrk6Ay85JIqrTd4uwPvaMDYhW5qf7qKA9hV3s1vdfk', '2019-10-22 17:08:31', '2019-10-22 17:08:31'),
	(277, 'rodrigo andres', 'ramirez julio', 'rodrigoandres1610', 'rodrigoandres@correo.com', '$2y$10$rejZR2TeOppgyjidlYCW0eWz/XelEtYhM.T3lryi3VoQmHPjTQGrG', 'QE05JYpEe4r2J6DlvwMrmo1Pldx15KiL0YMFq3c6jCZXD2bdCgI1D6K8NaHg', '2019-10-22 17:12:15', '2019-10-22 17:12:15'),
	(278, 'melany sofia', 'solar blanco', 'melanysofia0104', 'melanysofia@correo.com', '$2y$10$DEfkrHdSJaHua4pr5WED0Ohc6cKfQo26bkDc1a5EZuw1aDkFJCknO', NULL, '2019-10-22 17:13:47', '2019-10-22 17:13:47'),
	(279, 'reinaldo', 'teheran berrio', 'reinaldo0902', 'reinaldo@correo.com', '$2y$10$xjqpeK3tftXvEj5K37bHF.7j5DncPirO5oLpmoLnWVOXWqCPYc.Ji', 'Oxg2E3ikB1JvJIG9HIZFxCfEmfvs4Vb3DOrVxHFaHS56n6ZeECekx9iAFwp5', '2019-10-22 17:15:13', '2019-10-22 17:15:13'),
	(280, 'Mirian Alejandra', 'Abreu Guerrero', 'mirianalejandra0801', 'mirianalejandra@correo.com', '$2y$10$Oqds6jxsPkyEtp41nX9HUesHWqGw9MwdIWQor411qRTgz6Me9l7sy', 'TdlcYo3SEIx2MQFA0ivYOtkXWypVYvrEHlaj3he8oUm5Tbl4FeViYHUuWSI5', '2019-10-24 02:11:24', '2019-10-24 02:11:24'),
	(281, 'Alexamar Nazareth', 'Gozalez Melendez', 'alexamarnazareth2212', 'alexamarnazareth@correo.com', '$2y$10$FJPGuYf7YA1o3.kfIlRgXuBc5uNR9LsFmh6UrtrBSL895kTLqmiU2', 'fT3VoyapFNIrnLjW2r8SiFMrs3uAEVED3mA8S1Na2ZTOQOl4zlE44dXAcrZ5', '2019-10-24 02:14:41', '2019-10-24 02:14:41'),
	(282, 'Jesus Miguel', 'Mattos Silgado', 'jesusmiguel1101', 'jesusmiguel@correo.com', '$2y$10$Y9qBHnnzvuQHkz/YWpC8OOzSnXBT.MpgfVFMcVpTsIRGIL.5k4mne', 'kCLu2DrejVZKa4C3CjER7OHv1YGKXdXorLj0osbQiOqrZ1BswVT5phBj5GpL', '2019-10-24 02:17:35', '2019-10-24 02:17:35'),
	(283, 'Elber Andres', 'Naicir Moreno', 'elberandres2301', 'elberandres@correo.com', '$2y$10$hoLYXfrYX6a046EwWS7P2ufGIoIOeDus7MWgsKMM7W6mPyWXE.FIa', NULL, '2019-10-24 02:20:02', '2019-10-24 02:20:02'),
	(284, 'Jhol Breiner', 'Narvaez Colon', 'jholbreiner2805', 'jholbreiner@correo.com', '$2y$10$DLeYiVwrGpD07BSkXWi2aOZk5dlSUTKcqLN9WCKNSXO/X/9DicU1W', NULL, '2019-10-24 02:22:03', '2019-10-24 02:22:03'),
	(285, 'Isaac de Jesus', 'Ortiz Castellano', 'isaacdejesus0104', 'isaacdejesus@correo.com', '$2y$10$Mm9NpjPawrXgs2xQjPdBB.dct0y6/lKAML912vzvOXaVlgQjpqEbq', NULL, '2019-10-24 02:24:09', '2019-10-24 02:24:09'),
	(286, 'Holman David', 'Salcedo Blanco', 'holmandavid0512', 'holmandavid@correo.com', '$2y$10$wIKr5IH/J/hi6EaqjyARyOImN15F412rk9cnGrV/xvtAV1XctiMuq', 'oUoHTlnqi5xQUqE6Sv2Yl0BfuBnCmkpYs8I1gM5dimiJ9gzIWriHBEBeY1oK', '2019-10-24 02:29:28', '2019-10-24 02:29:28'),
	(287, 'Ronal Jose', 'Sanmartin Rivera', 'ronaljose1302', 'ronaljose@correo.com', '$2y$10$oXZpCka1u1IiEbKbOFPFpOEKEw0w7vWO.h.MXoU8IqpxtILJS2z3e', NULL, '2019-10-24 02:32:23', '2019-10-24 02:32:23'),
	(288, 'Luis Mario', 'Torres Julio', 'luismario0705', 'luismario@correo.com', '$2y$10$lndg6D3EfaNO95gypbctDePd046WCwaYkWEs87IytjywVsb9t/KvO', NULL, '2019-10-24 02:34:16', '2019-10-24 02:34:16'),
	(289, 'Edita', 'Tovar Agresoth', 'editatovar3108', 'editatovar@correo.com', '$2y$10$LUcCXklQiaVvbPtva/r9SeP0ScgvNQJMR.kTovvB3SUoE/0/0fgXW', 'umIlCYEhmCfVyZpELnZcgoaoOsnTny3HJanoJlgihRaXuUvaJHnjxQ3JbSTs', '2019-10-24 02:36:24', '2019-10-24 02:36:24'),
	(292, 'Shania', 'Berrio Huertas', 'shaniaberrio1202', 'shaniaberrio@correo.com', '$2y$10$fPuyzHMShDj47B1XrKXIA.XrBDWK2wv6c66sX4GRzxBZryzmGgi86', 'G5Edz7yqy2nuUTnPbXb90zxjj9u0IfutBNFnWtr8txwf9c6WWHPK0wPwGjDk', '2019-10-24 02:41:46', '2019-10-24 02:41:46'),
	(293, 'Mileidis Maria', 'Contreras Carmona', 'mileidismaria1702', 'mileidismaria@correo.com', '$2y$10$gVQ2sZRe1wMyR29HFqqh0.wPujYmKFiYxmvLDNWxUzZH821TfK8ey', 'wUEEoMrLgPOksqADcmON04HnxUsTtEI4hf68PM5iBxHeKWid2hh1o9lQZFQZ', '2019-10-24 02:43:58', '2019-10-24 02:43:58'),
	(294, 'Luis Felipe', 'Espinoza Teran', 'luisfelipe1605', 'luisfelipe@correo.com', '$2y$10$2g09fmIrdj0VjH2pegP/pew1GQUsX9r92/U7GJJPimaxRnqaao9nK', 'zceuecq9HvHzTrddkqqVpeqpqzdmzcop1wHIZvO1jtENW3bnaLZzxazomsat', '2019-10-24 02:45:44', '2019-10-24 02:45:44'),
	(295, 'Mary Angel', 'Marquez Gomez', 'maryangel1601', 'maryangel@correo.com', '$2y$10$IobKAe6S4HD7Quxxy2Y2KebqfjDm.5QuekKez0RH/P1awBOhSqL4u', '6dKF63jQfnUAJnjjOaqFQP3BeK7tdokWxUZ6Fe0Y9YgRxfvmeUDH5Ex9KdGw', '2019-10-24 02:47:31', '2019-10-24 02:47:31'),
	(296, 'Ketty Luz', 'Morelo Carmona', 'kettyluz1006', 'kettyluz@correo.com', '$2y$10$7wRULVHN0ljg3rMvoWKlju1Ww1Dt3oD/76wAMcBekKk2cY5uIHDEy', NULL, '2019-10-24 02:50:03', '2019-10-24 02:50:03'),
	(297, 'Oscar Manuel', 'Padilla Castro', 'oscarmanuel1708', 'oscarmanuel@correo.com', '$2y$10$F54JMQwEEJxmVwjkqMjmi.CMaRCwmDatUDtu4qdbDwNnEYsvtzQAK', NULL, '2019-10-24 02:52:04', '2019-10-24 02:52:04'),
	(298, 'Angelica Maria', 'Suarez Julio', 'angelicamaria0709', 'angelicamaria@correo.com', '$2y$10$jd19cpo1QcIivasjqE1pB.lNHJaHi8mN0ybFi68Tc1FE6/YYrAAca', NULL, '2019-10-24 02:54:47', '2019-10-24 02:54:47'),
	(300, 'Fredys Manuel', 'Arias Sierra', 'fredysmanuel0903', 'fredysmanuel@correo.com', '$2y$10$Otk.Ck4NgivOY0OORhkn..H63EhfksG5hYHs98LYzsFZqLYPelnei', 'Ctrayy3HaULfC5IBcIUUdi7spA4gHk20dmFH98y5RIWm4XXckzjTCEVDtjbR', '2019-10-24 03:00:32', '2019-10-24 03:00:32'),
	(301, 'Daniela', 'Avila Blancos', 'danielaavila1207', 'danielaavia@correo.com', '$2y$10$q368RHXhWL4lWv8SwZKMeO922jl7/2fdtHLuqAl4Fdq0lLuqkF7fm', 'GlgmwPYHFyvpPkZI1zaFpjuKFYaqS0KgB7Vu5gUR5D8Ojp0X0zkRMHJnfZlK', '2019-10-24 03:02:32', '2019-10-24 03:02:32'),
	(302, 'Andres', 'Berrio Mendoza', 'andresberrio2212', 'andresberrio@correo.com', '$2y$10$5LoO9pQFOyuuurFjNVZZ..08p0YJw8iCuaVGzcIuGuugb4TYPNAoK', 'RWRacFgn1L8PGdFWHJF4ck11CiLJ0H1vROPMpZTCplOuFTFLa3OynvJb7ilF', '2019-10-24 03:04:04', '2019-10-24 03:04:04'),
	(303, 'Iluminada', 'Blanco Primera', 'iluminadablanco2712', 'iluminadablanco@correo.com', '$2y$10$5DbLD9kLLepblb7.eVHrFuGwaohUqexGEeAac1P6JcImmXLJukn.q', 'NpQfOFu7Tj1NbPKDeITOzzg5oiIZIpnuzzgWKZwjodlqOts7JiBWhXk9KnDF', '2019-10-24 03:06:21', '2019-10-24 03:06:21'),
	(304, 'Hollman David', 'Julio Lozano', 'hollmandavid2110', 'hollmandavid@correo.com', '$2y$10$p6TspWbtG2FqHMnb8u46FOPdlAw1FYVUP74D7gGougXYGGsirYwhq', 'KKIDstFz3zjbZQf9L2eEwHFcXfJOWFDovhc1XRMSCDllub7bPcOgiiMdGQxi', '2019-10-24 03:08:41', '2019-10-24 03:08:41'),
	(305, 'Vanessa Saray', 'Luna Martinez', 'vanessasaray3010', 'vanessasaray@correo.com', '$2y$10$1i164AGGfJ5cHt7W9hATze3yKGJR0sBeFcYuKZoHdosGk2P2hh9pu', 'NKYAcbtNl7JwwfhXdBauhlVeP8pEsMzFEfzjtumPOuz2HmhM6jMQDNwgm18i', '2019-10-24 03:10:42', '2019-10-24 03:10:42'),
	(306, 'Luisannys Enyelis', 'Paredes Rodriguez', 'luisannysenyelis0611', 'luisannyenyelis@correo.com', '$2y$10$owfglG9JmLPPYKTtT3XXW.AhsLE3GF5iRW5pebyUqPKtguu8PCnra', 'O6KWakZ5NlgFvVhfLu4nJUi3jlZURps97garuB6dAClmok7AH4oD7I3uLExb', '2019-10-24 03:13:15', '2019-10-24 03:13:15'),
	(307, 'Camilo Andres', 'Primera Rodriguez', 'camiloandres2710', 'camiloandres@correo.com', '$2y$10$DX14i3Oh1zJfeDOdwCD9Re3gYLr13JH2JiYwtN1iapiDD4Pbvhbby', 'NwzcXu82FOHBrqzuBkdz4853fDvbpsD4xr2cXLssLQpINH0fOZmkIQLbe9UP', '2019-10-24 03:15:05', '2019-10-24 03:15:05'),
	(308, 'Luis Jose', 'Puche Posada', 'luisjose2010', 'luisjose@correo.com', '$2y$10$.TncF7.5M3pmDIcJOPOqse.fp.qxFocMCNCXetwQYPfmz9/A7SQMW', '7tNRJYLuM81u81Z81fQJAmwZFx8UxfkD9wyF14cL43ZObCTJNtxChwc4ZVD1', '2019-10-24 03:17:00', '2019-10-24 03:17:00'),
	(309, 'Sara del Carmen', 'Ruiz Murillo', 'saradelcarmen1606', 'saradelcarmen@correo.com', '$2y$10$qKdspNIIDTx8gt9/GIuk/.D8ppbPSl7u6JJpPWu5pylXDFEETmrae', 'vJVHO9dwCPJlKMFyWhKVro2lp16XQdWt5jMYEihkj7j8TeyiM62dEZlqLEtz', '2019-10-24 03:18:51', '2019-10-24 03:18:51'),
	(310, 'Erika Maria', 'Agresoth Ramos', 'erikamaria1607', 'erikamaria@correo.com', '$2y$10$vaSfpO64oCMd18NMX5D1Iu54HYr734RPp6LBQUtZBSA3CDcqE7Cgi', NULL, '2019-10-24 03:21:08', '2019-10-24 03:21:08'),
	(311, 'Maria Jose', 'Aguirre Valero', 'mariajos1105', 'mariajos@correo.com', '$2y$10$IAMneZNDUmDuxmsAiwaSIegweLd3JMHT1BN6hXjKKLppnteSc5KJG', 'CaHvUfiBDvz8ZAlzyTLVbRKSUY5mwrIp6b7fUZs3OmFFq3DhHSViqnvUHbb0', '2019-10-24 03:21:16', '2019-10-24 03:21:16'),
	(313, 'Sergio Antonio', 'Balseiro Guerrero', 'sergioantonio0301', 'sergioantonio@correo.com', '$2y$10$ZZbBMfSZnGhGtaW7eWWacevZTYYOIhXeZ61EVqSz/FQnpfcLbUuMu', '6vMa6KAFIZo0OOxnljssTR1oXjmhZZSYwrMAQdMWCTWpBIUGAO0JbhPYPZzn', '2019-10-24 03:24:50', '2019-10-24 03:24:50'),
	(314, 'Eddy Jose', 'Blanco Romero', 'eddyjose1711', 'eddyjose@correo.com', '$2y$10$YA7k4NF/1golqucjnyFf6eMrNv004FRFJKfC1/.4T/0NxWzOqhYPS', NULL, '2019-10-24 03:26:23', '2019-10-24 03:26:23'),
	(315, 'Ana Marlenis', 'Balseiro Agresoth', 'anamarlenis2506', 'anamarlenis@correo.com', '$2y$10$8.W13DS.FrVeSbk060edNOoAYAYiqjjc7CzAQIDSFJID/0kd/X622', 'qTr7GjwjFfMxkm3jqhO2Uniq4h7lp9giVL6OAz0CqhoEekF7HmlWhuHaVa0d', '2019-10-24 03:28:03', '2019-10-24 03:28:03'),
	(316, 'Jairo Javier', 'Gomez Balseiro', 'jairojavier0411', 'jairojavier@correo.com', '$2y$10$3DjcH2WXxeQGGhWU8.1oOe/L6iSkpWHx5hFQ3p8Y5VEkHvo94fyHS', NULL, '2019-10-24 03:28:20', '2019-10-24 03:28:20'),
	(317, 'Maria Rosa', 'Huertas Castellano', 'mariarosa2611', 'mariarosa@correo.com', '$2y$10$DKMu0o0pGCeqgHrM2YnJIePEwpvC26Wd5NiG54dUwko6za9RgZWJW', 'CRaJ1Y2zJ4HKGGLvhKrDJHiyMHejSbt5vkmeT9NQsTxeqe7exz9iSnMlcGmK', '2019-10-24 03:30:23', '2019-10-24 03:30:23'),
	(318, 'Kimberlin', 'Perez Alvarado', 'kimberlinperez1307', 'kimberlinperez@correo.com', '$2y$10$sL5P/5OY/6BUVPosF.oETOaqlTjBmBzMbP5X.IjS85KqCL83ivx8S', 'YLBpmXpl2p73TDlRoszhcbjh2wXhbgAtn1slMWlAkFQZUxl9le07sPniRifX', '2019-10-24 03:32:14', '2019-10-24 03:32:14'),
	(319, 'Andreina Paola', 'Bolivar Ospino', 'andreinapaola0306', 'andreinapaola@corrreo.com', '$2y$10$cDwvHveoOB0dhwe0jt8sGOopyqqMO5Kb2rpCE.5dmCoXqB0P6G6Ti', 'ssleRCLLzQDH7YMednj57uHHZNxtg8azI5lv9EGgKnsHULWBB9ualeIQkWSf', '2019-10-24 03:32:30', '2019-10-24 03:32:30'),
	(321, 'Seferina Isabel', 'Solar Blanco', 'seferinaisabel1109', 'seferinaisabel@correo.com', '$2y$10$P3y1RkmDOz5r6tmjQ7WPI.511CfNRjXOlV/dlu47D8wMGEZXGD1Xa', NULL, '2019-10-24 03:36:16', '2019-10-24 03:36:16'),
	(322, 'Sara Ester', 'Torres Guerrero', 'saraester1406', 'saraester@correo.com', '$2y$10$cl65l2fJUxSE0v27.uZPruKzAnv0Ywornoxxww3tAkDcRDapAgnI.', NULL, '2019-10-24 03:38:19', '2019-10-24 03:38:19'),
	(323, 'Esteban David', 'Zuñiga Parra', 'estebandavid2112', 'estebandavid@correo.com', '$2y$10$QhhJioFWRufDqO7z1Afcg..HW8Mc2nJgfO/qJnQWllyzvq8HpvrYu', '15fYA0NoCJlkYLziRhwV0lbBXjZFYzT2zJn5otECva3P8NDj6XPX00bHOnco', '2019-10-24 03:39:54', '2019-10-24 03:39:54'),
	(324, 'Katerine Yulieth', 'Duran Barboza', 'Katerineyulieth0104', 'Katerineyulieth@correo.com', '$2y$10$Tzvpogw7DvjAa6gaan5Hluc.YXMrQ7rxAyzVoSl0ImQRLTP20CAYG', 'RdkHTJXRVxJBTt8JkkJZVjpVzilRTLXGix0b7QbSeRsOP5PRy4swI6Q1mNSN', '2019-10-24 03:42:38', '2019-10-24 03:42:38'),
	(325, 'Jadeymar', 'Marquez Gomez', 'jadeymar2508', 'jadeymar@correo.com', '$2y$10$2Ngt2R.HsawbMVPwJZ9Kz.z6DFR5mIpsuNr994JwZbeJuchpHwc4K', 'LvyqYYp12ZrWBh7Q2BtAJUedyg8UEcw9GjEEPhFO7OatHE9efZmkKx7NkLsK', '2019-10-24 03:45:21', '2019-10-24 03:45:21'),
	(326, 'Isaac David', 'Villalobo Silgado', 'isaacdavid1906', 'isaacdavid@coreo.com', '$2y$10$U2sXT1uKJ2UnR4DeCL9ou.YuJGQoGQuvCyZ25KRo6c/mFn.2c1q3q', 'guZlch1e4XmYZFniS7dDPQTFOXOIH1YvRNM2JQRBh0nk1hxAP3OA3UaRUdII', '2019-10-24 03:54:16', '2019-10-24 03:54:16'),
	(327, 'Angel David', 'Acarmona Agresoth', 'angeldavid0708', 'angeldavid@correo.com', '$2y$10$Ir/sZgF9642hAvlgxqlZRuYKzh6kQO1SvGUipWWw9cE.5fB7xlhfO', 'lxQf6VjsWhJc1akLGqWYVcrmL5aAR5EgPNXI1MtjFWuUBp0jXnEemxln49Rr', '2019-10-24 03:57:42', '2019-10-24 03:57:42'),
	(328, 'BRANYURI PAOLA', 'BALSEIRO BOLAÑO', 'branyuripaola2006', 'branyuripaola@correo.com', '$2y$10$4IC9gdvv4VAu/8eZUYrEtuBwj896Kzik6/eciTfeGxeJ/LuHaQ9pa', 'XhldsMm9Xg8rJHC6Ziqs7YlynatIS6FmIFZYYKYCB01LRaGBSoaq2emSO4t9', '2019-10-24 04:00:22', '2019-10-24 04:00:22'),
	(329, 'Oscar Dvaid', 'Julio Valiente', 'oscardavid0110', 'oscardavid@correo.com', '$2y$10$EzRykNHErRyuMUPIC6Y5/e.InugktuAYGRYVIi3YJXnUz3gzI3wk2', NULL, '2019-10-24 04:03:10', '2019-10-24 04:03:10'),
	(330, 'Adrian', 'Lozano Melendez', 'adrian1211', 'adrianlozano@correo.com', '$2y$10$a0VPAH1M1VvfLCh3TUrf.O0g0GCof0blssNFxyqn8N77/iDVdOD9W', 'ZucLEkph7U6wZotLfqm0FzPzR8Nr6apHKTkTsPnZTcGilWqnhSbX6KCbz3Yk', '2019-10-24 04:05:44', '2019-10-24 04:05:44'),
	(331, 'Jesus Manuel', 'Luna Torres', 'jesusmanuel2212', 'jesusmanuel@correo.com', '$2y$10$Ns/pguHqU2mG.UHZ5wHYCes4QAmBMGfzt0p0O25Yjyi2UbPgngVD.', '2C5tzCMzwf1Rmzm3Dwr0WCJFBPK88TFVngk0zDUOOVLTRA4B16UFyQacmBtp', '2019-10-24 04:09:07', '2019-10-24 04:09:07'),
	(332, 'Aydana', 'Narvaez Silgado', 'aydana1101', 'aydana@correo.com', '$2y$10$c2VPptskga0Z2UDg0e.8y.LckJJ.1p4rQqIpNIXRRtOiy8Q7P1S22', NULL, '2019-10-24 04:12:25', '2019-10-24 04:12:25'),
	(333, 'Valeria Sofia', 'Solar Blanco', 'valeriasofia0605', 'valeriasofia@correo.com', '$2y$10$8auReN2uT6vcGExlUl/us.Z/YDE0dMMtO6Wupu1eNfbuffufxwE6.', NULL, '2019-10-24 04:15:21', '2019-10-24 04:15:21'),
	(334, 'Adriana Lucia', 'Teran Diaz', 'adrianalucia0204', 'adrianalucia@correo.com', '$2y$10$yr.8xsDBbTV3Tjz7.QshleSGjDEkMVlZ6txbzlWX2WvbCIj3.uCru', 'CDalkiQu1k7mqNgbroGa2HAXzsIQwlDft9FgpQpw0P8QESIVtzuJoIbq0o9C', '2019-10-24 04:22:52', '2019-10-24 04:22:52'),
	(335, 'Thalia', 'Anaya Teheran', 'thalia2006', 'thalia2006@correo.com', '$2y$10$dWPK9Ih7JRcnrqQX2b7c.OD9hQ3Day9VHGbzown7FUPcrHU1WSg7S', NULL, '2019-10-24 04:28:57', '2019-10-24 04:28:57'),
	(336, 'Shaira Lucia', 'Cabarcas Yaguna', 'shairalucia1708', 'shairalucia@correo.com', '$2y$10$Oy1xSxyhZQN5IL3.NApbTeWjaWMdJvSUu7zuoQEfOBFBQgQYiSQ/.', NULL, '2019-10-24 04:31:31', '2019-10-24 04:31:31'),
	(337, 'Carlos Andres', 'Gomez Santos', 'carlosandres0312', 'carlosandres@correo.com', '$2y$10$CTcUB2fTP1/PKgXVUzK7NOvpX/rajsi.14v3KGiMIL/zXmN9IZ.d6', NULL, '2019-10-24 04:34:55', '2019-10-24 04:34:55'),
	(338, 'Antonio de jesus', 'Gonzales Tapias', 'antoniodejesus2503', 'antoniodejesus@correo.com', '$2y$10$yW237yaxXtQO126G.sVKD.2pHAdk/VFIyGVMI/gsHYDgs2UIvxHqW', NULL, '2019-10-24 04:44:14', '2019-10-24 04:44:14'),
	(339, 'Danilo Jose', 'Meza Primera', 'danilojose0911', 'danilojose@correo.com', '$2y$10$c4z9ZUVLNfwjGnU1.NA27.y03zrwZBkNexepHDkHFb4Y.b8E3TwE.', NULL, '2019-10-24 04:46:46', '2019-10-24 04:46:46'),
	(340, 'Karola', 'Monterrosa Perez', 'karola0611', 'karola@correo.com', '$2y$10$GWrLiZ2q7tl8KpVuflZjP.DQ3E3MfRYPqOpnIPrAJbQ6wK6ryZCLO', NULL, '2019-10-24 04:50:53', '2019-10-24 04:50:53'),
	(341, 'Yohana Valentina', 'Rincon Garcia', 'yohanavalentina2404', 'yohanavalentina@correo.com', '$2y$10$U7PV36SOHSAAy591W4AHK.EUivnFtJd3WREW6Qt0yPI1QgI.KBfjS', NULL, '2019-10-24 05:05:16', '2019-10-24 05:05:16'),
	(342, 'Hilary', 'Serpa julio', 'hilary1709', 'hilary@correo.com', '$2y$10$R2F5hew.lszLgovF8pUdv.5VyNatH9Ad1U96W5b4O02Kb9Dtc0RKW', NULL, '2019-10-24 05:08:29', '2019-10-24 05:08:29'),
	(343, 'Sebastian Andres', 'Agresoth Garcia', 'sebastianandres3009', 'sebastianandres@correo.com', '$2y$10$38CPVXaQLxNSsAJRaGxZPur4PLr1nIG6Zb12OphQMMrG.12XDjUo6', 'HiLV3oVXtChE5Mx9L6Gi6NvetWIH04Md6iN37SR508vL1NDlpY42ymRD6XXt', '2019-10-24 05:13:57', '2019-10-24 05:13:57'),
	(344, 'Alina Maria', 'Anaya Teran', 'alinamaria1009', 'alinamaria@correo.com', '$2y$10$B4iak/5o1YphcxChsEnkyOn4tUz/Kwk3alpt9DgR28jYlxVIHUnqG', 's0EVOoNTB7J8MRKZ0FQiUfQwAvwjMq780URw74nYY3yN0e0xTBgjWzhthCiA', '2019-10-24 05:20:44', '2019-10-24 05:20:44'),
	(345, 'Eugis', 'Campo Banquez', 'eugis1211', 'eugis@correo.com', '$2y$10$go6f0ywYSOjuDtMHtxWQ0eOZQzeHjfhxSrWgVj6VMLi34uGQMbU/a', NULL, '2019-10-24 05:22:45', '2019-10-24 05:22:45'),
	(346, 'Maida Del Carmen', 'Herrera Melendres', 'maidadelcarmen1409', 'maidadelcarmen@correo.com', '$2y$10$H3J8v5htila6J7HkMJtTsOlGlMkOh.6mS4DS5qx0ROcdsvicBR.US', 'dzBER2vJxsynhGFubSHA5DmD7PH2PsqgVLKuH5ImAL67961UPSzVLR0XkdOo', '2019-10-24 05:26:04', '2019-10-24 05:26:04'),
	(347, 'Yulieth Paola', 'Lans Gutierrez', 'yuliethpaola2406', 'yuliethpaola2406@correo.com', '$2y$10$t3FsapF16GhX0D.WZNoFxu/BuljikygzmjlsA10upIz938HFnOSJa', 'LlrQiUv7HDLcaQO7Nr5SbEgZb61M9TeTScHm7X5WIsOqOIaPpVopHFu9gmTn', '2019-10-24 05:29:32', '2019-10-24 05:29:32'),
	(348, 'Sharay', 'Marquez Ayala', 'sharay0411', 'sharay@correo.com', '$2y$10$CGpjPoAQ.OvMXihuwOCXjelFBSCxCeGiuxB1Zfa7V2BgXaxDq9egO', 'CY60wElR6RVkvrDAlGZYmyCDMXWSKlMvg70Wb9XY2srevQUg1eANKz61leuJ', '2019-10-24 05:32:34', '2019-10-24 05:32:34'),
	(349, 'Javier Enrique', 'Torres Berrio', 'javierenrrique1210', 'javierenrrique@correo.com', '$2y$10$8iC5qHLSa1Xy5nEJnfjXAOBtL2ZBns0JHn9zeRpLkm6l667gEiR8C', NULL, '2019-10-24 05:34:42', '2019-10-24 05:34:42'),
	(350, 'Jefrin Junior', 'Diaz Rodriguez', 'jefrinjunior0712', 'jefrinjunior@correo.com', '$2y$10$PVk0NWOIl0KhYClvD5F3WuMXmHWFQwEC/jvplv35y75f/hw1L7HH2', 'aQ1VIXG4RSbaLHDWwUIeBXRFyZEv64FIXf963xH1nW6Lof5TvafobO8nM4CS', '2019-10-24 05:37:01', '2019-10-24 05:37:01'),
	(351, 'Sebastian', 'Hernandez Balseiro', 'sebastian0804', 'sebastian@correo.com', '$2y$10$CmFOH44zDxvSdHvLPLkm3uoVD9vRZmI4NYnrwOQwmvIC6PG4ZFVf.', 'exPjc7xBHhluahQXVeb7cnDDG5JTfCKIvy09zxfejsjPP5o0cu1wlr4I9M6t', '2019-10-24 05:38:52', '2019-10-24 05:38:52'),
	(352, 'Eder.', 'Lozano Rios', 'eder0611', 'eder@correo.com', '$2y$10$d3tXw2fQTRE9pvT1w9w.QuUaxrZ4ktWX3nBUcpYMyT41UTFtkqPza', NULL, '2019-10-24 05:42:01', '2019-10-24 05:42:01'),
	(353, 'Gonzalo', 'Mendoza Gomez', 'gonzalo2907', 'gonzalo@correo.com', '$2y$10$w.UGD2XlETxPMG5BW.MeXeppzWTC/Lk2vY9Zm.yvUp9MlcfUWKisy', NULL, '2019-10-24 05:44:52', '2019-10-24 05:44:52'),
	(354, 'Carool Dayana', 'Perez Santos', 'carooldayana3101', 'carooldayana@correo.com', '$2y$10$9z46cfm90tmPvH42zytDQeSkyp2OjFNXNnX7Z3.O18PpRjQl87/Se', NULL, '2019-10-24 05:49:58', '2019-10-24 05:49:58'),
	(356, 'Jose David', 'Rivera Martinez', 'josedavidrivera2411', 'josedavidrivera@correo.com', '$2y$10$Jllk0NfY.gynddLE3Fs9WO1A0mek3FYaysWbFY4Vny5vzmWD.9CBi', 'Nk0UV1W02iwohAQtLxPyoyQ9uOzaCE1ItbyN29nuDXQLtH9DiAoRjiilBe41', '2019-10-24 05:53:25', '2019-10-24 05:53:25'),
	(357, 'Maria Camila', 'Rodriguez Passo', 'mariacamilarodriguez2411', 'mariacamilarodriguez@correo.com', '$2y$10$i7WGBvXqGsSUVhpEuu8Gw.tOyC09eH7OJR6KKnvI/DFJ6u533KFNi', 'AbZT76MpFizKllWoTEybjah1gTPvaNflUOfoKJibnVWWQ336AJ0ziGvIRMxU', '2019-10-24 05:55:42', '2019-10-24 05:55:42'),
	(358, 'Sander Emilio', 'Serpa Bustamante', 'sanderemilio2008', 'sanderemilio@correo.com', '$2y$10$ZX2lryP.O0ixoKx9Vt0aiuNRRMA8s3iwyxSQOVdgsPCdr8iWz26e6', '7M4KwLo1n2GXWSzvlRH8oAAMwflhOqqw5SnQmTJrIpy31OCas3Zh2ZlNabAz', '2019-10-24 05:58:15', '2019-10-24 05:58:15'),
	(359, 'Norainer', 'Valencia Rodriguez', 'norainer1107', 'norainer@correo.com', '$2y$10$ga.bkIj8tQt/hlsAWUDOX.FH3DuRjn./XsRRNjYoKetiEq1KkXcQm', 'iCg7KqdqYpXtLb4B6DdsjvOEUOiCSAMk6FbX096BxBq4NQuy1UpvvJ5hANOP', '2019-10-24 06:00:25', '2019-10-24 06:00:25'),
	(360, 'Sarai Del Carmen', 'Verbel Oquendo', 'saaidelcarmen2008', 'saaidelcarmen@correo.com', '$2y$10$GRGiz5P/OPVLFlwgKtS8wuCRxGAFBsfgUUmWEW05oWhE0BCq/bwgK', 'OAXUfffdjlmhkLCM70jjMdaEYwRYW2S4HVpTeXo8Z4fMNqqOgNvhDoLRDLEu', '2019-10-24 06:02:31', '2019-10-24 06:02:31'),
	(361, 'Marcel Alejandro', 'Abreu Guerrero', 'marcelalejandro0309', 'marcelalejandro@correo.com', '$2y$10$30iASwhDKC74Viy/wAaDkOk/CV8Fdh1m7TV6WnWSTGqICT2b9QjVa', 'SWHkYOyxVoMKXbdKijer7YWomui0ToyDL6tOMgEPX9TQJkq3xopk8ZKw9M8g', '2019-10-24 06:04:59', '2019-10-24 06:04:59'),
	(362, 'pepito1', 'pepito1', 'pepito1', 'pepito1@corro.com', '$2y$10$A8FOS5MqppF45gRRJRxBA.kCxFpMVwhhg3.OSAkfwul2dSJkbzDvi', 'jrGCBRQV4ALBBD5JvrFiVT5RpJytvcLXEW0OswVfnHSViJK6nmwSVQEBMDZK', '2019-10-25 23:36:53', '2019-10-25 23:36:53'),
	(363, 'Melanys Patricia', 'Arias Sierra', 'melanyspatricia0305', 'melanyspatricia@correo.com', '$2y$10$hAa5l6AsXmfVaYHEzpRLP.2Rq.mqkXsDY3hGePI1N.o3vVTc1D3fi', 'CyFtzIvKxkMfAhyX7nfoCQbb1Axt9Xbw4ev3KKPkHuX9G2jO7joaGMJPLcdt', '2019-10-27 13:53:05', '2019-10-27 13:53:05'),
	(364, 'Jainer Enrique', 'Berrio Huertas', 'jainerenrique1511', 'jainerenrique@correo.com', '$2y$10$f4APLUX3EesBpnQdeBMU3.Vg5YH7sOSoatbeCEA3NtA0KIP.elVZ6', '09wxfgE5GhhXftvVLu9p6cRv6ql4IkKWeXWREvi1cF6d6YBSbj6P2K1FX2l5', '2019-10-27 13:56:13', '2019-10-27 13:56:13'),
	(365, 'Shary Jose', 'Cassiani Bello', 'sharyjose2807', 'sharyjose@correo.com', '$2y$10$89ia79X6DMMuo8rt1HZes.E7dexYngDWEip.d9TqmWr9ptHvarfKW', 'PYw2wTZoffFuBM8EKxNqGZb9CmdYgA2ehFtAivSSouKPTva5VL7B8tPqO5lq', '2019-10-27 13:58:18', '2019-10-27 13:58:18'),
	(366, 'Juan Manuel', 'Hernandez Balseiro', 'juanmanuel0707', 'juanmanuel@correo.com', '$2y$10$3byzgtCQBPobnJ7zkAHFB.MjiP8ikI//hGCAjYCASPt9jhMjJaD0m', 'veE8dbVCtQWpaal0JB7CzuWQNCe2cj0lDFDMnFeSLjVGij9Q7LNEKRdM5am1', '2019-10-27 14:00:16', '2019-10-27 14:00:16'),
	(367, 'Jair Jose', 'Huertas Melendez', 'jairjose2410', 'jairjose@correo.com', '$2y$10$LSox0P3M.qGyvXwB9lf1hu7hPiFwfoLsgN7OUUx/7iBWkoazu.Kja', 'i9KjBJYqdjFWJpI8ZzD9Lv4bs6Dizvdpgtnlxn5JPPg8W2f0SkE8gX2tacUF', '2019-10-27 14:02:32', '2019-10-27 14:02:32'),
	(368, 'Minelida', 'Lans Gutierrez', 'minelidalans2208', 'minelidalans@correo.com', '$2y$10$X31xoGkrDD6Ew0K53WXkjOQdLQw5ionXwP8dOgU2xDd0DLUTS9KkS', '0aMqwgzEfSsejgbShXG7HiZUeLrIQNZcmoIp7InhrZZMXuNnmucHsTXcOY1D', '2019-10-27 14:04:40', '2019-10-27 14:04:40'),
	(369, 'Samuel Moises', 'Martinez Luna', 'samuelmoises1802', 'samuelmoises@correo.com', '$2y$10$2PKLN6f2pchyZt0./OhAe.MpddbIbeig.3y8cbH1aoOpVaFmNuqlW', 'd3MJpzKu0TGsE1COKbMKxtuvZdaPmHO6Bs47yIwce3fkobDCshS8GASl9MOO', '2019-10-27 14:06:23', '2019-10-27 14:06:23'),
	(370, 'Luis Ricardo', 'Perez Zarza', 'luisricardo1206', 'luisricardo@correo.com', '$2y$10$iughJg3KQiiTFncz7DOAVO3kVJbqaNmoeHsidbqoT8RDRXJS79L1i', NULL, '2019-10-27 14:08:10', '2019-10-27 14:08:10'),
	(371, 'Maicol', 'Ruiz Castro', 'maicolruiz0401', 'maicolruiz@correo.com', '$2y$10$u1v7sToprs12ikh3iZI3UurMVXJFxR6rv3p50oWQGG0uKHHI7sxKW', 'jOJ3o5VrJYfhu6bapiRbJWzVwqtB3T9NvZuSJkzzJY3tshABNxgkq9hSZpD8', '2019-10-27 14:10:42', '2019-10-27 14:10:42'),
	(372, 'Yordanis', 'Uran Ruiz', 'yordanisuran1403', 'yordanisuran@correo.com', '$2y$10$e8r3Q73nhZwgo/2xHw64ZeYQgLNghnpAVBJwHkzPL57ZKNAYY1uK.', 'd6PAcijoboT2OFPCnKAzHKVoD4wBltMqvu4K5GR7ChBAFz3Oea3elbQ6ukRG', '2019-10-27 14:12:25', '2019-10-27 14:12:25'),
	(374, 'Yoiser Manuel', 'Hernandez Sanmartin', 'yoisermanuel0406', 'yoisermanuel@correo.com', '$2y$10$PuIskm5PIvrHHX8wi7UO5OfAr8K9.cKNvFh2j47HgY44b3gsYHjue', NULL, '2019-10-27 14:17:48', '2019-10-27 14:17:48'),
	(376, 'Andres Enrique', 'Julio Carmona', 'andresenrique1110', 'andresenrique@correo.com', '$2y$10$/6gxhelV.8rclS7CjnsaA.fdsvdqzdjK9.uCjRBvhZem.ekZM0dfS', NULL, '2019-10-27 14:23:58', '2019-10-27 14:23:58'),
	(377, 'Jose Maria', 'Martinez Ayala', 'josemaria2602', 'josemaria@correo.com', '$2y$10$g9yv.dmW6GHAZR0bgaYjEuyIltCIAYYwgK2hGpPftMZO2la/RlLoC', '29sCrYSoNUmL7rtxiaKkgKe1hgYFeYdG8LbPunP0vro1YaKqL1ItLeLSnKRK', '2019-10-27 14:25:47', '2019-10-27 14:25:47'),
	(378, 'Deiver', 'Morelo Paternina', 'deivermorelo2905', 'deivermorelo@correo.com', '$2y$10$YI.x5t8/zyLH7ubGejPe5ui/bQZJF0HfyaSB2xa9rUIN9LM566h3.', 'A6StYdtJfg5wC4oTg3qcFvttI63iO8neGlGFNYaPw4MO1yBetDVKy9K1CuxQ', '2019-10-27 14:27:44', '2019-10-27 14:27:44'),
	(379, 'Samir Andres', 'Ocon Cardenas', 'samirandres2108', 'samirandres@correo.com', '$2y$10$Zrkk2n1FiSyaZGXoXISLm.vfHDTvQw9QM3PxAZFBtvglRJPSykwuC', 'aHluJx3zSnH58CpYOFtzJLit9dchMvJHEhETkH5r8ZV8roEVXN47K77rRqpz', '2019-10-27 14:29:26', '2019-10-27 14:29:26'),
	(380, 'Jhon Fredy', 'Tapias Berrio', 'jhonfredy2204', 'jhonfredy@correo.com', '$2y$10$toNTEPChu8ZpZmuA9hFB8OSAHIOBL3DdZlwLG963/wA56pYV/dhpy', 'NRZnYoBlchznl8w0ZMEChRZfTo1N1D4coIwQFAw5CGm3N4dHUyB0771949TG', '2019-10-27 14:31:00', '2019-10-27 14:31:00'),
	(382, 'Maria Teresa', 'Tovar Agresoth', 'mariateresa1111', 'mariateresa@correo.com', '$2y$10$CIi3jFvB1rjTYe8xV6urDexWHn0CGjqDd98oHhUS.kMDh9ouBLcPy', NULL, '2019-10-27 14:36:22', '2019-10-27 14:36:22'),
	(383, 'Ever Luis', 'Serpa Bravo', 'ever1605', 'ever@correo.com', '$2y$10$T20PZFys6ZqfxVGnVIOtfeZYcUvG4c48BaLh6BiKs1N.Uy51ctnAC', 'YbuKlcFMyNtuEiNbSjuIA2XzwqWoq0AVBUOKNA6S7nUdWiQSrm3GxqBsprlo', '2019-10-29 20:11:52', '2019-10-29 20:11:52'),
	(384, 'Valentina', 'Ferrer Zamora', 'valentinaferrer1910', 'valentinaferrer@correo.com', '$2y$10$y3MzdReTfWp2yksZBN0nP.lrO9riTUU2xE0NfiwdodT85K1qj0HJa', '3oTRK0XIpuRgXiVzLMIdotLZp6pImalMZGkAf4jCAeB5Ghmy8OQ5TQIbiVs4', '2019-10-29 20:53:24', '2019-10-29 20:53:24'),
	(385, 'Luis manuel', 'Julio Cardenas', 'luismanuel0204', 'luismanuel0204@correo.com', '$2y$10$SoYzu3wq.Tx4umdho7RFMuTZVF/A6VJbhdqCkXHwVfnSrt6hDlvme', 'CKWwMnfBkxD25cxqmayrmsdnjtVLtTZrtv3fqYNFcidED9cM0QzivhFNLpd5', '2019-11-05 19:13:09', '2019-11-05 19:13:09'),
	(386, 'Salome', 'Guzman', 'Salome Guzman', 'salome@correo.com', '$2y$10$nT954nfN3WMloGyh2V/I4ut3wEralAReXMyqMfcqwNsI5/VzGb86G', '01YR5Cgd7aieDQ9GgL00t324bcsysb3jY4golQqT4bqODm1etUTwZZM9exvx', '2019-11-27 12:14:50', '2019-11-27 12:14:50'),
	(387, 'Maria Jose', 'Sierra', 'majosierra', 'mariajose@cecar.edu.co', '$2y$10$s0OJAKObYVN3qKsX2IEBd.Ef1N3LWFxw8ZMERYq.XGRldeZpxVcCq', 'AgVFdqqUkYlv8qr6tpVclC6SHdYnntQOPAygpulk0eqZHArh1th4yb1VVa44', '2020-02-06 14:18:15', '2020-02-06 14:18:15'),
	(388, 'Pepito', 'Prueba', 'pepito11', 'andresandres.gonzalez@gmail.com', '$2y$10$oatrWQwduVOgcjqld83MZuQoPoitNfwCkZYKEM41CTygI3kfxY/7.', 'jWsW5KXUU7zc7fpXbZZbquYyZrLmFi1S4xKZfcAiEVaKlhCJQz1ih1hCn064', '2020-02-21 17:12:37', '2020-02-21 17:12:37'),
	(389, 'Pepito', 'Martinez', 'pepito2', 'alejandra111.garciam@cecar.edu.co', '$2y$10$kFC94e8Ub4Xj1BsXYle3POrdeTdR2dHgF0TLata/uCBfHvDkrh.Jq', NULL, '2020-03-02 16:01:42', '2020-03-02 16:01:42'),
	(390, 'pepes', 'prueba', 'pepito123', 'pepp@hotmail.com', '$2y$10$Iut8hLXclzXG48JbaQV/Z.cLFfrn15T7B.aucvDCXdHQFmO/BzYVq', '9Py3rudERdbqGDGRnSb4begaElGXBfHHZ3dCd6y4xEPNogTnehq6wDbFVTpi', '2022-04-10 19:20:20', '2022-04-11 00:43:58');
/*!40000 ALTER TABLE `users` ENABLE KEYS */;

/*!40101 SET SQL_MODE=IFNULL(@OLD_SQL_MODE, '') */;
/*!40014 SET FOREIGN_KEY_CHECKS=IFNULL(@OLD_FOREIGN_KEY_CHECKS, 1) */;
/*!40101 SET CHARACTER_SET_CLIENT=@OLD_CHARACTER_SET_CLIENT */;
/*!40111 SET SQL_NOTES=IFNULL(@OLD_SQL_NOTES, 1) */;
